unified_sample_key	raw_file_name	raw_file_path	branch_A_cluster_label	branch_B_cluster_label	branch_C_cluster_label	branch_only_consensus_class	confidence_or_agreement_score	notes
0	44aa45ef-4bcd-47eb-a2ef-68b614d00a51.rna_seq.augmented_star_gene_counts.tsv	/Users/ask3r/Desktop/TEKNOFEST_ONCOLOGY/DENEME/rawdata/44aa45ef-4bcd-47eb-a2ef-68b614d00a51.rna_seq.augmented_star_gene_counts.tsv	4	3	1	2	1.0	Consensus derived from A/B/C co-association matrix (K=4)
1	6efd1a34-3261-4ad3-87cc-da685ba06d2b.rna_seq.augmented_star_gene_counts.tsv	/Users/ask3r/Desktop/TEKNOFEST_ONCOLOGY/DENEME/rawdata/6efd1a34-3261-4ad3-87cc-da685ba06d2b.rna_seq.augmented_star_gene_counts.tsv	0	0	0	0	1.0	Consensus derived from A/B/C co-association matrix (K=4)
2	1652c5be-f06b-4600-a1e9-3efbfa73eb4e.rna_seq.augmented_star_gene_counts.tsv	/Users/ask3r/Desktop/TEKNOFEST_ONCOLOGY/DENEME/rawdata/1652c5be-f06b-4600-a1e9-3efbfa73eb4e.rna_seq.augmented_star_gene_counts.tsv	0	0	0	0	1.0	Consensus derived from A/B/C co-association matrix (K=4)
3	f54636e5-d823-4bc2-9475-2f4f81879067.rna_seq.augmented_star_gene_counts.tsv	/Users/ask3r/Desktop/TEKNOFEST_ONCOLOGY/DENEME/rawdata/f54636e5-d823-4bc2-9475-2f4f81879067.rna_seq.augmented_star_gene_counts.tsv	4	3	1	2	1.0	Consensus derived from A/B/C co-association matrix (K=4)
4	32ee07e4-bec3-4d00-b603-60933581046c.rna_seq.augmented_star_gene_counts.tsv	/Users/ask3r/Desktop/TEKNOFEST_ONCOLOGY/DENEME/rawdata/32ee07e4-bec3-4d00-b603-60933581046c.rna_seq.augmented_star_gene_counts.tsv	3	2	2	1	1.0	Consensus derived from A/B/C co-association matrix (K=4)
5	887aaafb-3913-4418-9991-1c48d4ab7629.rna_seq.augmented_star_gene_counts.tsv	/Users/ask3r/Desktop/TEKNOFEST_ONCOLOGY/DENEME/rawdata/887aaafb-3913-4418-9991-1c48d4ab7629.rna_seq.augmented_star_gene_counts.tsv	2	0	2	1	1.0	Consensus derived from A/B/C co-association matrix (K=4)
6	d561fbb1-a288-4a37-98de-65247968fa40.rna_seq.augmented_star_gene_counts.tsv	/Users/ask3r/Desktop/TEKNOFEST_ONCOLOGY/DENEME/rawdata/d561fbb1-a288-4a37-98de-65247968fa40.rna_seq.augmented_star_gene_counts.tsv	3	2	2	1	1.0	Consensus derived from A/B/C co-association matrix (K=4)
7	0db34205-31a0-49e3-972d-ec4e4f7c03c5.rna_seq.augmented_star_gene_counts.tsv	/Users/ask3r/Desktop/TEKNOFEST_ONCOLOGY/DENEME/rawdata/0db34205-31a0-49e3-972d-ec4e4f7c03c5.rna_seq.augmented_star_gene_counts.tsv	1	1	3	3	1.0	Consensus derived from A/B/C co-association matrix (K=4)
8	d7278caf-2bf9-48fb-adfa-d30c7b988000.rna_seq.augmented_star_gene_counts.tsv	/Users/ask3r/Desktop/TEKNOFEST_ONCOLOGY/DENEME/rawdata/d7278caf-2bf9-48fb-adfa-d30c7b988000.rna_seq.augmented_star_gene_counts.tsv	3	2	2	1	1.0	Consensus derived from A/B/C co-association matrix (K=4)
9	32d1cf3b-2920-479e-8025-aaacae8f8011.rna_seq.augmented_star_gene_counts.tsv	/Users/ask3r/Desktop/TEKNOFEST_ONCOLOGY/DENEME/rawdata/32d1cf3b-2920-479e-8025-aaacae8f8011.rna_seq.augmented_star_gene_counts.tsv	3	2	2	1	1.0	Consensus derived from A/B/C co-association matrix (K=4)
10	5d732c32-681d-46ca-b0bd-404ab47c64db.rna_seq.augmented_star_gene_counts.tsv	/Users/ask3r/Desktop/TEKNOFEST_ONCOLOGY/DENEME/rawdata/5d732c32-681d-46ca-b0bd-404ab47c64db.rna_seq.augmented_star_gene_counts.tsv	4	3	1	2	1.0	Consensus derived from A/B/C co-association matrix (K=4)
11	026ed595-4218-4379-8e2d-54b390cb2544.rna_seq.augmented_star_gene_counts.tsv	/Users/ask3r/Desktop/TEKNOFEST_ONCOLOGY/DENEME/rawdata/026ed595-4218-4379-8e2d-54b390cb2544.rna_seq.augmented_star_gene_counts.tsv	0	2	2	1	1.0	Consensus derived from A/B/C co-association matrix (K=4)
12	19f6db33-bd74-44aa-9f00-c31903e88abf.rna_seq.augmented_star_gene_counts.tsv	/Users/ask3r/Desktop/TEKNOFEST_ONCOLOGY/DENEME/rawdata/19f6db33-bd74-44aa-9f00-c31903e88abf.rna_seq.augmented_star_gene_counts.tsv	1	3	3	3	1.0	Consensus derived from A/B/C co-association matrix (K=4)
13	7412a444-9fad-4d96-a4d4-2c270045919a.rna_seq.augmented_star_gene_counts.tsv	/Users/ask3r/Desktop/TEKNOFEST_ONCOLOGY/DENEME/rawdata/7412a444-9fad-4d96-a4d4-2c270045919a.rna_seq.augmented_star_gene_counts.tsv	4	3	1	2	1.0	Consensus derived from A/B/C co-association matrix (K=4)
14	d9548857-ab3c-4cf6-8608-4d5951f63c8b.rna_seq.augmented_star_gene_counts.tsv	/Users/ask3r/Desktop/TEKNOFEST_ONCOLOGY/DENEME/rawdata/d9548857-ab3c-4cf6-8608-4d5951f63c8b.rna_seq.augmented_star_gene_counts.tsv	3	2	2	1	1.0	Consensus derived from A/B/C co-association matrix (K=4)
15	69804564-72f3-443e-a45e-add43d917b2c.rna_seq.augmented_star_gene_counts.tsv	/Users/ask3r/Desktop/TEKNOFEST_ONCOLOGY/DENEME/rawdata/69804564-72f3-443e-a45e-add43d917b2c.rna_seq.augmented_star_gene_counts.tsv	1	1	3	3	1.0	Consensus derived from A/B/C co-association matrix (K=4)
16	2be90092-0bf2-493c-8864-b9bd3efa2fcc.rna_seq.augmented_star_gene_counts.tsv	/Users/ask3r/Desktop/TEKNOFEST_ONCOLOGY/DENEME/rawdata/2be90092-0bf2-493c-8864-b9bd3efa2fcc.rna_seq.augmented_star_gene_counts.tsv	2	0	2	1	1.0	Consensus derived from A/B/C co-association matrix (K=4)
17	bef48b88-125f-4087-b4be-02c996ecc3d3.rna_seq.augmented_star_gene_counts.tsv	/Users/ask3r/Desktop/TEKNOFEST_ONCOLOGY/DENEME/rawdata/bef48b88-125f-4087-b4be-02c996ecc3d3.rna_seq.augmented_star_gene_counts.tsv	3	2	2	1	1.0	Consensus derived from A/B/C co-association matrix (K=4)
18	748dc14a-ff43-4b5d-b197-b7c021955fed.rna_seq.augmented_star_gene_counts.tsv	/Users/ask3r/Desktop/TEKNOFEST_ONCOLOGY/DENEME/rawdata/748dc14a-ff43-4b5d-b197-b7c021955fed.rna_seq.augmented_star_gene_counts.tsv	0	0	0	0	1.0	Consensus derived from A/B/C co-association matrix (K=4)
19	e2304515-3868-4f25-9967-900a3ae600be.rna_seq.augmented_star_gene_counts.tsv	/Users/ask3r/Desktop/TEKNOFEST_ONCOLOGY/DENEME/rawdata/e2304515-3868-4f25-9967-900a3ae600be.rna_seq.augmented_star_gene_counts.tsv	3	0	2	1	1.0	Consensus derived from A/B/C co-association matrix (K=4)
20	e044dbf9-7587-48b7-b58a-b4f5d9401309.rna_seq.augmented_star_gene_counts.tsv	/Users/ask3r/Desktop/TEKNOFEST_ONCOLOGY/DENEME/rawdata/e044dbf9-7587-48b7-b58a-b4f5d9401309.rna_seq.augmented_star_gene_counts.tsv	2	2	2	1	1.0	Consensus derived from A/B/C co-association matrix (K=4)
21	e3ca6a99-2907-4509-a416-eb7362b0b606.rna_seq.augmented_star_gene_counts.tsv	/Users/ask3r/Desktop/TEKNOFEST_ONCOLOGY/DENEME/rawdata/e3ca6a99-2907-4509-a416-eb7362b0b606.rna_seq.augmented_star_gene_counts.tsv	2	2	2	1	1.0	Consensus derived from A/B/C co-association matrix (K=4)
22	af0700ee-8602-4f6c-b104-dd4d19da99a8.rna_seq.augmented_star_gene_counts.tsv	/Users/ask3r/Desktop/TEKNOFEST_ONCOLOGY/DENEME/rawdata/af0700ee-8602-4f6c-b104-dd4d19da99a8.rna_seq.augmented_star_gene_counts.tsv	2	2	2	1	1.0	Consensus derived from A/B/C co-association matrix (K=4)
23	59f436d5-7a66-40a8-9bca-b1e354452492.rna_seq.augmented_star_gene_counts.tsv	/Users/ask3r/Desktop/TEKNOFEST_ONCOLOGY/DENEME/rawdata/59f436d5-7a66-40a8-9bca-b1e354452492.rna_seq.augmented_star_gene_counts.tsv	3	2	2	1	1.0	Consensus derived from A/B/C co-association matrix (K=4)
24	df47f95a-fb4a-4ea2-a929-c1d1971997a0.rna_seq.augmented_star_gene_counts.tsv	/Users/ask3r/Desktop/TEKNOFEST_ONCOLOGY/DENEME/rawdata/df47f95a-fb4a-4ea2-a929-c1d1971997a0.rna_seq.augmented_star_gene_counts.tsv	1	1	3	3	1.0	Consensus derived from A/B/C co-association matrix (K=4)
25	a9b55a15-9678-4a04-9041-8e2f5a2b14f1.rna_seq.augmented_star_gene_counts.tsv	/Users/ask3r/Desktop/TEKNOFEST_ONCOLOGY/DENEME/rawdata/a9b55a15-9678-4a04-9041-8e2f5a2b14f1.rna_seq.augmented_star_gene_counts.tsv	0	2	0	0	1.0	Consensus derived from A/B/C co-association matrix (K=4)
26	54c6eff1-866a-4b26-9778-6b085fc25123.rna_seq.augmented_star_gene_counts.tsv	/Users/ask3r/Desktop/TEKNOFEST_ONCOLOGY/DENEME/rawdata/54c6eff1-866a-4b26-9778-6b085fc25123.rna_seq.augmented_star_gene_counts.tsv	4	3	3	2	1.0	Consensus derived from A/B/C co-association matrix (K=4)
27	36fa95b5-2cf1-4033-91ee-832547ff52fd.rna_seq.augmented_star_gene_counts.tsv	/Users/ask3r/Desktop/TEKNOFEST_ONCOLOGY/DENEME/rawdata/36fa95b5-2cf1-4033-91ee-832547ff52fd.rna_seq.augmented_star_gene_counts.tsv	0	0	0	0	1.0	Consensus derived from A/B/C co-association matrix (K=4)
28	39c60ad1-540a-4ad9-a735-b83f5d1c51f1.rna_seq.augmented_star_gene_counts.tsv	/Users/ask3r/Desktop/TEKNOFEST_ONCOLOGY/DENEME/rawdata/39c60ad1-540a-4ad9-a735-b83f5d1c51f1.rna_seq.augmented_star_gene_counts.tsv	1	1	3	3	1.0	Consensus derived from A/B/C co-association matrix (K=4)
29	b198a226-f734-46c8-93db-0914f0fa6805.rna_seq.augmented_star_gene_counts.tsv	/Users/ask3r/Desktop/TEKNOFEST_ONCOLOGY/DENEME/rawdata/b198a226-f734-46c8-93db-0914f0fa6805.rna_seq.augmented_star_gene_counts.tsv	1	1	3	3	1.0	Consensus derived from A/B/C co-association matrix (K=4)
30	6a87346a-157b-467c-be80-572ab377080c.rna_seq.augmented_star_gene_counts.tsv	/Users/ask3r/Desktop/TEKNOFEST_ONCOLOGY/DENEME/rawdata/6a87346a-157b-467c-be80-572ab377080c.rna_seq.augmented_star_gene_counts.tsv	0	0	0	0	1.0	Consensus derived from A/B/C co-association matrix (K=4)
31	9e09a872-f5f7-4cc1-bb08-07045fcd0c28.rna_seq.augmented_star_gene_counts.tsv	/Users/ask3r/Desktop/TEKNOFEST_ONCOLOGY/DENEME/rawdata/9e09a872-f5f7-4cc1-bb08-07045fcd0c28.rna_seq.augmented_star_gene_counts.tsv	0	0	0	0	1.0	Consensus derived from A/B/C co-association matrix (K=4)
32	f60c516c-6be7-4dda-9e46-46a87039c099.rna_seq.augmented_star_gene_counts.tsv	/Users/ask3r/Desktop/TEKNOFEST_ONCOLOGY/DENEME/rawdata/f60c516c-6be7-4dda-9e46-46a87039c099.rna_seq.augmented_star_gene_counts.tsv	4	3	1	2	1.0	Consensus derived from A/B/C co-association matrix (K=4)
33	4ebf51c8-f12e-4c83-9bba-414e5ba20e7c.rna_seq.augmented_star_gene_counts.tsv	/Users/ask3r/Desktop/TEKNOFEST_ONCOLOGY/DENEME/rawdata/4ebf51c8-f12e-4c83-9bba-414e5ba20e7c.rna_seq.augmented_star_gene_counts.tsv	0	0	0	0	1.0	Consensus derived from A/B/C co-association matrix (K=4)
34	2426bdbe-9a09-4ea1-b5eb-1ecb2c492898.rna_seq.augmented_star_gene_counts.tsv	/Users/ask3r/Desktop/TEKNOFEST_ONCOLOGY/DENEME/rawdata/2426bdbe-9a09-4ea1-b5eb-1ecb2c492898.rna_seq.augmented_star_gene_counts.tsv	2	2	2	1	1.0	Consensus derived from A/B/C co-association matrix (K=4)
35	51aea3a7-011d-4f8b-af00-fc7c169591d9.rna_seq.augmented_star_gene_counts.tsv	/Users/ask3r/Desktop/TEKNOFEST_ONCOLOGY/DENEME/rawdata/51aea3a7-011d-4f8b-af00-fc7c169591d9.rna_seq.augmented_star_gene_counts.tsv	2	0	0	0	1.0	Consensus derived from A/B/C co-association matrix (K=4)
36	5237a678-9f82-4aa3-a874-39179cff6ba5.rna_seq.augmented_star_gene_counts.tsv	/Users/ask3r/Desktop/TEKNOFEST_ONCOLOGY/DENEME/rawdata/5237a678-9f82-4aa3-a874-39179cff6ba5.rna_seq.augmented_star_gene_counts.tsv	1	1	3	3	1.0	Consensus derived from A/B/C co-association matrix (K=4)
37	336b678c-b044-4b16-aa80-82c9ab769326.rna_seq.augmented_star_gene_counts.tsv	/Users/ask3r/Desktop/TEKNOFEST_ONCOLOGY/DENEME/rawdata/336b678c-b044-4b16-aa80-82c9ab769326.rna_seq.augmented_star_gene_counts.tsv	1	1	3	3	1.0	Consensus derived from A/B/C co-association matrix (K=4)
38	69faa26c-4763-411b-affb-5eee559b70e1.rna_seq.augmented_star_gene_counts.tsv	/Users/ask3r/Desktop/TEKNOFEST_ONCOLOGY/DENEME/rawdata/69faa26c-4763-411b-affb-5eee559b70e1.rna_seq.augmented_star_gene_counts.tsv	1	1	3	3	1.0	Consensus derived from A/B/C co-association matrix (K=4)
39	e36091c6-d62c-4997-bb9f-7192b73f12ed.rna_seq.augmented_star_gene_counts.tsv	/Users/ask3r/Desktop/TEKNOFEST_ONCOLOGY/DENEME/rawdata/e36091c6-d62c-4997-bb9f-7192b73f12ed.rna_seq.augmented_star_gene_counts.tsv	1	1	3	3	1.0	Consensus derived from A/B/C co-association matrix (K=4)
40	075029c6-31b2-4b4a-9945-b905fc6bf730.rna_seq.augmented_star_gene_counts.tsv	/Users/ask3r/Desktop/TEKNOFEST_ONCOLOGY/DENEME/rawdata/075029c6-31b2-4b4a-9945-b905fc6bf730.rna_seq.augmented_star_gene_counts.tsv	4	3	1	2	1.0	Consensus derived from A/B/C co-association matrix (K=4)
41	e7b0cb4b-d9c4-440f-b5d4-857d7e53e303.rna_seq.augmented_star_gene_counts.tsv	/Users/ask3r/Desktop/TEKNOFEST_ONCOLOGY/DENEME/rawdata/e7b0cb4b-d9c4-440f-b5d4-857d7e53e303.rna_seq.augmented_star_gene_counts.tsv	1	1	3	3	1.0	Consensus derived from A/B/C co-association matrix (K=4)
42	141d1d6b-251b-48cf-abfd-bdbfdd0605b7.rna_seq.augmented_star_gene_counts.tsv	/Users/ask3r/Desktop/TEKNOFEST_ONCOLOGY/DENEME/rawdata/141d1d6b-251b-48cf-abfd-bdbfdd0605b7.rna_seq.augmented_star_gene_counts.tsv	0	0	0	0	1.0	Consensus derived from A/B/C co-association matrix (K=4)
43	d89d1ff1-7285-458d-8c32-2446a1d98b7b.rna_seq.augmented_star_gene_counts.tsv	/Users/ask3r/Desktop/TEKNOFEST_ONCOLOGY/DENEME/rawdata/d89d1ff1-7285-458d-8c32-2446a1d98b7b.rna_seq.augmented_star_gene_counts.tsv	3	2	2	1	1.0	Consensus derived from A/B/C co-association matrix (K=4)
44	d7b7ba93-518f-4ee9-a966-d5eb7c3cc8f3.rna_seq.augmented_star_gene_counts.tsv	/Users/ask3r/Desktop/TEKNOFEST_ONCOLOGY/DENEME/rawdata/d7b7ba93-518f-4ee9-a966-d5eb7c3cc8f3.rna_seq.augmented_star_gene_counts.tsv	2	0	0	0	1.0	Consensus derived from A/B/C co-association matrix (K=4)
45	b7a4bdef-c538-4f6f-9892-b21620ff02bc.rna_seq.augmented_star_gene_counts.tsv	/Users/ask3r/Desktop/TEKNOFEST_ONCOLOGY/DENEME/rawdata/b7a4bdef-c538-4f6f-9892-b21620ff02bc.rna_seq.augmented_star_gene_counts.tsv	0	0	0	0	1.0	Consensus derived from A/B/C co-association matrix (K=4)
46	8a3c7c61-631f-4dd0-83fe-d2bbb33a17a4.rna_seq.augmented_star_gene_counts.tsv	/Users/ask3r/Desktop/TEKNOFEST_ONCOLOGY/DENEME/rawdata/8a3c7c61-631f-4dd0-83fe-d2bbb33a17a4.rna_seq.augmented_star_gene_counts.tsv	4	3	1	2	1.0	Consensus derived from A/B/C co-association matrix (K=4)
47	4182c637-8f3b-4e58-8ea9-e8c9859bfbd3.rna_seq.augmented_star_gene_counts.tsv	/Users/ask3r/Desktop/TEKNOFEST_ONCOLOGY/DENEME/rawdata/4182c637-8f3b-4e58-8ea9-e8c9859bfbd3.rna_seq.augmented_star_gene_counts.tsv	2	2	2	1	1.0	Consensus derived from A/B/C co-association matrix (K=4)
48	4f0a0b90-41cb-4ea7-97e0-5f771dc22fb2.rna_seq.augmented_star_gene_counts.tsv	/Users/ask3r/Desktop/TEKNOFEST_ONCOLOGY/DENEME/rawdata/4f0a0b90-41cb-4ea7-97e0-5f771dc22fb2.rna_seq.augmented_star_gene_counts.tsv	2	2	2	1	1.0	Consensus derived from A/B/C co-association matrix (K=4)
49	0ad4aa09-9a11-464b-a080-cc9fad5da4ca.rna_seq.augmented_star_gene_counts.tsv	/Users/ask3r/Desktop/TEKNOFEST_ONCOLOGY/DENEME/rawdata/0ad4aa09-9a11-464b-a080-cc9fad5da4ca.rna_seq.augmented_star_gene_counts.tsv	4	1	3	3	1.0	Consensus derived from A/B/C co-association matrix (K=4)
50	0601cab0-163f-48e4-bc9f-87b068d8b591.rna_seq.augmented_star_gene_counts.tsv	/Users/ask3r/Desktop/TEKNOFEST_ONCOLOGY/DENEME/rawdata/0601cab0-163f-48e4-bc9f-87b068d8b591.rna_seq.augmented_star_gene_counts.tsv	0	2	2	1	1.0	Consensus derived from A/B/C co-association matrix (K=4)
51	f4e07a40-74e5-4c35-ae98-7ca190fff6c9.rna_seq.augmented_star_gene_counts.tsv	/Users/ask3r/Desktop/TEKNOFEST_ONCOLOGY/DENEME/rawdata/f4e07a40-74e5-4c35-ae98-7ca190fff6c9.rna_seq.augmented_star_gene_counts.tsv	0	0	0	0	1.0	Consensus derived from A/B/C co-association matrix (K=4)
52	520c0e78-f0a3-4e46-8c8e-00cf654e100d.rna_seq.augmented_star_gene_counts.tsv	/Users/ask3r/Desktop/TEKNOFEST_ONCOLOGY/DENEME/rawdata/520c0e78-f0a3-4e46-8c8e-00cf654e100d.rna_seq.augmented_star_gene_counts.tsv	0	2	0	0	1.0	Consensus derived from A/B/C co-association matrix (K=4)
53	7a25193c-a87d-4929-b724-3d89553fa028.rna_seq.augmented_star_gene_counts.tsv	/Users/ask3r/Desktop/TEKNOFEST_ONCOLOGY/DENEME/rawdata/7a25193c-a87d-4929-b724-3d89553fa028.rna_seq.augmented_star_gene_counts.tsv	4	3	1	2	1.0	Consensus derived from A/B/C co-association matrix (K=4)
54	ce5fb607-99c5-457f-9022-df38b540fce6.rna_seq.augmented_star_gene_counts.tsv	/Users/ask3r/Desktop/TEKNOFEST_ONCOLOGY/DENEME/rawdata/ce5fb607-99c5-457f-9022-df38b540fce6.rna_seq.augmented_star_gene_counts.tsv	4	3	1	2	1.0	Consensus derived from A/B/C co-association matrix (K=4)
55	ef9cc9ef-1cf3-46fc-b3cb-06ea0582b7fa.rna_seq.augmented_star_gene_counts.tsv	/Users/ask3r/Desktop/TEKNOFEST_ONCOLOGY/DENEME/rawdata/ef9cc9ef-1cf3-46fc-b3cb-06ea0582b7fa.rna_seq.augmented_star_gene_counts.tsv	0	2	2	1	1.0	Consensus derived from A/B/C co-association matrix (K=4)
56	1ccc2b22-7f6c-4973-a6fa-f2c4d6be6dba.rna_seq.augmented_star_gene_counts.tsv	/Users/ask3r/Desktop/TEKNOFEST_ONCOLOGY/DENEME/rawdata/1ccc2b22-7f6c-4973-a6fa-f2c4d6be6dba.rna_seq.augmented_star_gene_counts.tsv	3	2	2	1	1.0	Consensus derived from A/B/C co-association matrix (K=4)
57	9aa2f274-51ab-4e29-b555-407bf3ef21fd.rna_seq.augmented_star_gene_counts.tsv	/Users/ask3r/Desktop/TEKNOFEST_ONCOLOGY/DENEME/rawdata/9aa2f274-51ab-4e29-b555-407bf3ef21fd.rna_seq.augmented_star_gene_counts.tsv	0	2	2	1	1.0	Consensus derived from A/B/C co-association matrix (K=4)
58	7f316dbf-94f8-467e-89fc-ae78a91348b5.rna_seq.augmented_star_gene_counts.tsv	/Users/ask3r/Desktop/TEKNOFEST_ONCOLOGY/DENEME/rawdata/7f316dbf-94f8-467e-89fc-ae78a91348b5.rna_seq.augmented_star_gene_counts.tsv	0	0	0	0	1.0	Consensus derived from A/B/C co-association matrix (K=4)
59	fe757d4a-9d17-4a14-a198-dfe57e6c00f2.rna_seq.augmented_star_gene_counts.tsv	/Users/ask3r/Desktop/TEKNOFEST_ONCOLOGY/DENEME/rawdata/fe757d4a-9d17-4a14-a198-dfe57e6c00f2.rna_seq.augmented_star_gene_counts.tsv	0	0	0	0	1.0	Consensus derived from A/B/C co-association matrix (K=4)
60	89154592-5e65-4616-bbfc-3cf8999363db.rna_seq.augmented_star_gene_counts.tsv	/Users/ask3r/Desktop/TEKNOFEST_ONCOLOGY/DENEME/rawdata/89154592-5e65-4616-bbfc-3cf8999363db.rna_seq.augmented_star_gene_counts.tsv	3	2	2	1	1.0	Consensus derived from A/B/C co-association matrix (K=4)
61	f78bc420-1d4a-4b75-b400-65352b99b4e8.rna_seq.augmented_star_gene_counts.tsv	/Users/ask3r/Desktop/TEKNOFEST_ONCOLOGY/DENEME/rawdata/f78bc420-1d4a-4b75-b400-65352b99b4e8.rna_seq.augmented_star_gene_counts.tsv	2	0	0	0	1.0	Consensus derived from A/B/C co-association matrix (K=4)
62	1a61593f-909e-46f4-8cfa-9e23bc050033.rna_seq.augmented_star_gene_counts.tsv	/Users/ask3r/Desktop/TEKNOFEST_ONCOLOGY/DENEME/rawdata/1a61593f-909e-46f4-8cfa-9e23bc050033.rna_seq.augmented_star_gene_counts.tsv	1	1	3	3	1.0	Consensus derived from A/B/C co-association matrix (K=4)
63	ecd2943f-37ab-4c0c-88ab-078c6ba15953.rna_seq.augmented_star_gene_counts.tsv	/Users/ask3r/Desktop/TEKNOFEST_ONCOLOGY/DENEME/rawdata/ecd2943f-37ab-4c0c-88ab-078c6ba15953.rna_seq.augmented_star_gene_counts.tsv	0	0	0	0	1.0	Consensus derived from A/B/C co-association matrix (K=4)
64	3d122d0e-749d-4388-a74a-a2266792e5de.rna_seq.augmented_star_gene_counts.tsv	/Users/ask3r/Desktop/TEKNOFEST_ONCOLOGY/DENEME/rawdata/3d122d0e-749d-4388-a74a-a2266792e5de.rna_seq.augmented_star_gene_counts.tsv	3	2	2	1	1.0	Consensus derived from A/B/C co-association matrix (K=4)
65	79431769-1471-4ae8-b324-3f02d1a25507.rna_seq.augmented_star_gene_counts.tsv	/Users/ask3r/Desktop/TEKNOFEST_ONCOLOGY/DENEME/rawdata/79431769-1471-4ae8-b324-3f02d1a25507.rna_seq.augmented_star_gene_counts.tsv	0	0	0	0	1.0	Consensus derived from A/B/C co-association matrix (K=4)
66	81dcfef2-2a70-4868-bc63-4aeaf924aa7b.rna_seq.augmented_star_gene_counts.tsv	/Users/ask3r/Desktop/TEKNOFEST_ONCOLOGY/DENEME/rawdata/81dcfef2-2a70-4868-bc63-4aeaf924aa7b.rna_seq.augmented_star_gene_counts.tsv	2	2	2	1	1.0	Consensus derived from A/B/C co-association matrix (K=4)
67	93803595-0b8a-4d0b-9439-e1d7d1eb6fd4.rna_seq.augmented_star_gene_counts.tsv	/Users/ask3r/Desktop/TEKNOFEST_ONCOLOGY/DENEME/rawdata/93803595-0b8a-4d0b-9439-e1d7d1eb6fd4.rna_seq.augmented_star_gene_counts.tsv	2	2	2	1	1.0	Consensus derived from A/B/C co-association matrix (K=4)
68	c93e41f3-3a23-4757-af8c-af11fab60b52.rna_seq.augmented_star_gene_counts.tsv	/Users/ask3r/Desktop/TEKNOFEST_ONCOLOGY/DENEME/rawdata/c93e41f3-3a23-4757-af8c-af11fab60b52.rna_seq.augmented_star_gene_counts.tsv	4	3	1	2	1.0	Consensus derived from A/B/C co-association matrix (K=4)
69	28016f07-a161-43bc-954d-d5ad756bb40b.rna_seq.augmented_star_gene_counts.tsv	/Users/ask3r/Desktop/TEKNOFEST_ONCOLOGY/DENEME/rawdata/28016f07-a161-43bc-954d-d5ad756bb40b.rna_seq.augmented_star_gene_counts.tsv	0	0	0	0	1.0	Consensus derived from A/B/C co-association matrix (K=4)
70	e1f24215-12d6-400a-b527-cee0c4d7ef8a.rna_seq.augmented_star_gene_counts.tsv	/Users/ask3r/Desktop/TEKNOFEST_ONCOLOGY/DENEME/rawdata/e1f24215-12d6-400a-b527-cee0c4d7ef8a.rna_seq.augmented_star_gene_counts.tsv	3	2	2	1	1.0	Consensus derived from A/B/C co-association matrix (K=4)
71	c47a6a50-b448-4736-b29d-bea454e28085.rna_seq.augmented_star_gene_counts.tsv	/Users/ask3r/Desktop/TEKNOFEST_ONCOLOGY/DENEME/rawdata/c47a6a50-b448-4736-b29d-bea454e28085.rna_seq.augmented_star_gene_counts.tsv	4	3	1	2	1.0	Consensus derived from A/B/C co-association matrix (K=4)
72	bdd0d102-23f1-4b2d-9080-4eb1c933ddd7.rna_seq.augmented_star_gene_counts.tsv	/Users/ask3r/Desktop/TEKNOFEST_ONCOLOGY/DENEME/rawdata/bdd0d102-23f1-4b2d-9080-4eb1c933ddd7.rna_seq.augmented_star_gene_counts.tsv	4	3	3	2	1.0	Consensus derived from A/B/C co-association matrix (K=4)
73	24178d00-81ec-4873-a319-0a329f3e71f2.rna_seq.augmented_star_gene_counts.tsv	/Users/ask3r/Desktop/TEKNOFEST_ONCOLOGY/DENEME/rawdata/24178d00-81ec-4873-a319-0a329f3e71f2.rna_seq.augmented_star_gene_counts.tsv	3	0	2	1	1.0	Consensus derived from A/B/C co-association matrix (K=4)
74	f489cec9-6f4b-4364-b85a-d34cbc8c2015.rna_seq.augmented_star_gene_counts.tsv	/Users/ask3r/Desktop/TEKNOFEST_ONCOLOGY/DENEME/rawdata/f489cec9-6f4b-4364-b85a-d34cbc8c2015.rna_seq.augmented_star_gene_counts.tsv	4	3	1	2	1.0	Consensus derived from A/B/C co-association matrix (K=4)
75	5eb967ae-6a4a-4109-948c-36f00dc471fe.rna_seq.augmented_star_gene_counts.tsv	/Users/ask3r/Desktop/TEKNOFEST_ONCOLOGY/DENEME/rawdata/5eb967ae-6a4a-4109-948c-36f00dc471fe.rna_seq.augmented_star_gene_counts.tsv	3	2	2	1	1.0	Consensus derived from A/B/C co-association matrix (K=4)
76	0819aec9-9ebc-4446-9174-08d564d32fcd.rna_seq.augmented_star_gene_counts.tsv	/Users/ask3r/Desktop/TEKNOFEST_ONCOLOGY/DENEME/rawdata/0819aec9-9ebc-4446-9174-08d564d32fcd.rna_seq.augmented_star_gene_counts.tsv	2	0	0	0	1.0	Consensus derived from A/B/C co-association matrix (K=4)
77	ee1a4754-896c-4f5d-bd4a-a7754f84abad.rna_seq.augmented_star_gene_counts.tsv	/Users/ask3r/Desktop/TEKNOFEST_ONCOLOGY/DENEME/rawdata/ee1a4754-896c-4f5d-bd4a-a7754f84abad.rna_seq.augmented_star_gene_counts.tsv	1	1	3	3	1.0	Consensus derived from A/B/C co-association matrix (K=4)
78	80e02a48-6bbd-4e69-87f3-a27e51ca852b.rna_seq.augmented_star_gene_counts.tsv	/Users/ask3r/Desktop/TEKNOFEST_ONCOLOGY/DENEME/rawdata/80e02a48-6bbd-4e69-87f3-a27e51ca852b.rna_seq.augmented_star_gene_counts.tsv	4	3	1	2	1.0	Consensus derived from A/B/C co-association matrix (K=4)
79	91bd0932-0312-404f-b836-c1ab7f9e2cf3.rna_seq.augmented_star_gene_counts.tsv	/Users/ask3r/Desktop/TEKNOFEST_ONCOLOGY/DENEME/rawdata/91bd0932-0312-404f-b836-c1ab7f9e2cf3.rna_seq.augmented_star_gene_counts.tsv	4	3	1	2	1.0	Consensus derived from A/B/C co-association matrix (K=4)
80	7d1ba30d-6d00-479f-8ae9-f818c56ba9c5.rna_seq.augmented_star_gene_counts.tsv	/Users/ask3r/Desktop/TEKNOFEST_ONCOLOGY/DENEME/rawdata/7d1ba30d-6d00-479f-8ae9-f818c56ba9c5.rna_seq.augmented_star_gene_counts.tsv	1	1	3	3	1.0	Consensus derived from A/B/C co-association matrix (K=4)
81	77405f24-ebc0-45be-9beb-ac81ed1936d5.rna_seq.augmented_star_gene_counts.tsv	/Users/ask3r/Desktop/TEKNOFEST_ONCOLOGY/DENEME/rawdata/77405f24-ebc0-45be-9beb-ac81ed1936d5.rna_seq.augmented_star_gene_counts.tsv	2	2	2	1	1.0	Consensus derived from A/B/C co-association matrix (K=4)
82	3e80fb1c-1d29-45c9-9e02-995c33c70b9c.rna_seq.augmented_star_gene_counts.tsv	/Users/ask3r/Desktop/TEKNOFEST_ONCOLOGY/DENEME/rawdata/3e80fb1c-1d29-45c9-9e02-995c33c70b9c.rna_seq.augmented_star_gene_counts.tsv	0	0	0	0	1.0	Consensus derived from A/B/C co-association matrix (K=4)
83	0257f378-cf6a-42f2-9cb1-0d10b4ca1b9a.rna_seq.augmented_star_gene_counts.tsv	/Users/ask3r/Desktop/TEKNOFEST_ONCOLOGY/DENEME/rawdata/0257f378-cf6a-42f2-9cb1-0d10b4ca1b9a.rna_seq.augmented_star_gene_counts.tsv	2	0	0	0	1.0	Consensus derived from A/B/C co-association matrix (K=4)
84	e013dfab-0f14-496c-98ff-4079c877aaf7.rna_seq.augmented_star_gene_counts.tsv	/Users/ask3r/Desktop/TEKNOFEST_ONCOLOGY/DENEME/rawdata/e013dfab-0f14-496c-98ff-4079c877aaf7.rna_seq.augmented_star_gene_counts.tsv	0	0	0	0	1.0	Consensus derived from A/B/C co-association matrix (K=4)
85	9fefe100-9765-4b8a-8468-51df066f0f0c.rna_seq.augmented_star_gene_counts.tsv	/Users/ask3r/Desktop/TEKNOFEST_ONCOLOGY/DENEME/rawdata/9fefe100-9765-4b8a-8468-51df066f0f0c.rna_seq.augmented_star_gene_counts.tsv	4	3	1	2	1.0	Consensus derived from A/B/C co-association matrix (K=4)
86	e8c1b868-8139-4831-9c66-32f22d556f29.rna_seq.augmented_star_gene_counts.tsv	/Users/ask3r/Desktop/TEKNOFEST_ONCOLOGY/DENEME/rawdata/e8c1b868-8139-4831-9c66-32f22d556f29.rna_seq.augmented_star_gene_counts.tsv	1	1	3	3	1.0	Consensus derived from A/B/C co-association matrix (K=4)
87	55e09827-cf4f-4286-84cc-2b2da280266e.rna_seq.augmented_star_gene_counts.tsv	/Users/ask3r/Desktop/TEKNOFEST_ONCOLOGY/DENEME/rawdata/55e09827-cf4f-4286-84cc-2b2da280266e.rna_seq.augmented_star_gene_counts.tsv	2	2	2	1	1.0	Consensus derived from A/B/C co-association matrix (K=4)
88	bc80aba0-0e0f-4177-85ca-73be517be7b0.rna_seq.augmented_star_gene_counts.tsv	/Users/ask3r/Desktop/TEKNOFEST_ONCOLOGY/DENEME/rawdata/bc80aba0-0e0f-4177-85ca-73be517be7b0.rna_seq.augmented_star_gene_counts.tsv	1	1	3	3	1.0	Consensus derived from A/B/C co-association matrix (K=4)
89	d7f50a7e-b1e9-47ea-b33a-856964b813f7.rna_seq.augmented_star_gene_counts.tsv	/Users/ask3r/Desktop/TEKNOFEST_ONCOLOGY/DENEME/rawdata/d7f50a7e-b1e9-47ea-b33a-856964b813f7.rna_seq.augmented_star_gene_counts.tsv	1	1	3	3	1.0	Consensus derived from A/B/C co-association matrix (K=4)
90	a6df72e4-5522-4711-8255-c9d6ff860f40.rna_seq.augmented_star_gene_counts.tsv	/Users/ask3r/Desktop/TEKNOFEST_ONCOLOGY/DENEME/rawdata/a6df72e4-5522-4711-8255-c9d6ff860f40.rna_seq.augmented_star_gene_counts.tsv	0	0	0	0	1.0	Consensus derived from A/B/C co-association matrix (K=4)
91	764dcbc1-1611-486e-bf1d-8a43ede692f7.rna_seq.augmented_star_gene_counts.tsv	/Users/ask3r/Desktop/TEKNOFEST_ONCOLOGY/DENEME/rawdata/764dcbc1-1611-486e-bf1d-8a43ede692f7.rna_seq.augmented_star_gene_counts.tsv	2	0	0	0	1.0	Consensus derived from A/B/C co-association matrix (K=4)
92	f16d9348-2781-4518-a34a-fbfcc18e1f7b.rna_seq.augmented_star_gene_counts.tsv	/Users/ask3r/Desktop/TEKNOFEST_ONCOLOGY/DENEME/rawdata/f16d9348-2781-4518-a34a-fbfcc18e1f7b.rna_seq.augmented_star_gene_counts.tsv	2	0	0	0	1.0	Consensus derived from A/B/C co-association matrix (K=4)
93	87ee4cad-86d3-4b6b-952d-d565247b9a1e.rna_seq.augmented_star_gene_counts.tsv	/Users/ask3r/Desktop/TEKNOFEST_ONCOLOGY/DENEME/rawdata/87ee4cad-86d3-4b6b-952d-d565247b9a1e.rna_seq.augmented_star_gene_counts.tsv	3	2	2	1	1.0	Consensus derived from A/B/C co-association matrix (K=4)
94	8a3d5786-f5fe-4c3b-9a58-23a3a0bfa6d4.rna_seq.augmented_star_gene_counts.tsv	/Users/ask3r/Desktop/TEKNOFEST_ONCOLOGY/DENEME/rawdata/8a3d5786-f5fe-4c3b-9a58-23a3a0bfa6d4.rna_seq.augmented_star_gene_counts.tsv	0	0	0	0	1.0	Consensus derived from A/B/C co-association matrix (K=4)
95	b21a2a30-3ff8-482f-add4-f4eea1204b87.rna_seq.augmented_star_gene_counts.tsv	/Users/ask3r/Desktop/TEKNOFEST_ONCOLOGY/DENEME/rawdata/b21a2a30-3ff8-482f-add4-f4eea1204b87.rna_seq.augmented_star_gene_counts.tsv	2	2	2	1	1.0	Consensus derived from A/B/C co-association matrix (K=4)
96	7775f83b-5a91-4ced-83dd-c6c419c110ab.rna_seq.augmented_star_gene_counts.tsv	/Users/ask3r/Desktop/TEKNOFEST_ONCOLOGY/DENEME/rawdata/7775f83b-5a91-4ced-83dd-c6c419c110ab.rna_seq.augmented_star_gene_counts.tsv	0	0	0	0	1.0	Consensus derived from A/B/C co-association matrix (K=4)
97	f2bb28ee-ca66-4ca1-8e51-8aeb92084931.rna_seq.augmented_star_gene_counts.tsv	/Users/ask3r/Desktop/TEKNOFEST_ONCOLOGY/DENEME/rawdata/f2bb28ee-ca66-4ca1-8e51-8aeb92084931.rna_seq.augmented_star_gene_counts.tsv	0	0	0	0	1.0	Consensus derived from A/B/C co-association matrix (K=4)
98	0c6b79d0-47aa-4c14-8ec5-bdbfe0faa29d.rna_seq.augmented_star_gene_counts.tsv	/Users/ask3r/Desktop/TEKNOFEST_ONCOLOGY/DENEME/rawdata/0c6b79d0-47aa-4c14-8ec5-bdbfe0faa29d.rna_seq.augmented_star_gene_counts.tsv	4	3	1	2	1.0	Consensus derived from A/B/C co-association matrix (K=4)
99	7164752e-f3af-4ff9-aa7b-a96dc10f58ab.rna_seq.augmented_star_gene_counts.tsv	/Users/ask3r/Desktop/TEKNOFEST_ONCOLOGY/DENEME/rawdata/7164752e-f3af-4ff9-aa7b-a96dc10f58ab.rna_seq.augmented_star_gene_counts.tsv	1	1	3	3	1.0	Consensus derived from A/B/C co-association matrix (K=4)
100	ec1ada4a-34c5-4d5f-a75f-25fc45d05a28.rna_seq.augmented_star_gene_counts.tsv	/Users/ask3r/Desktop/TEKNOFEST_ONCOLOGY/DENEME/rawdata/ec1ada4a-34c5-4d5f-a75f-25fc45d05a28.rna_seq.augmented_star_gene_counts.tsv	4	3	1	2	1.0	Consensus derived from A/B/C co-association matrix (K=4)
101	4906506c-0236-4a3f-93b0-300384bd324d.rna_seq.augmented_star_gene_counts.tsv	/Users/ask3r/Desktop/TEKNOFEST_ONCOLOGY/DENEME/rawdata/4906506c-0236-4a3f-93b0-300384bd324d.rna_seq.augmented_star_gene_counts.tsv	2	2	2	1	1.0	Consensus derived from A/B/C co-association matrix (K=4)
102	3dd357c6-9e04-4f73-ae88-18143988e383.rna_seq.augmented_star_gene_counts.tsv	/Users/ask3r/Desktop/TEKNOFEST_ONCOLOGY/DENEME/rawdata/3dd357c6-9e04-4f73-ae88-18143988e383.rna_seq.augmented_star_gene_counts.tsv	1	1	3	3	1.0	Consensus derived from A/B/C co-association matrix (K=4)
103	954911a5-d0a0-42bb-842c-1dbd9ee60c6c.rna_seq.augmented_star_gene_counts.tsv	/Users/ask3r/Desktop/TEKNOFEST_ONCOLOGY/DENEME/rawdata/954911a5-d0a0-42bb-842c-1dbd9ee60c6c.rna_seq.augmented_star_gene_counts.tsv	1	1	3	3	1.0	Consensus derived from A/B/C co-association matrix (K=4)
104	7127a123-4f5b-4fab-b1fe-deeb790fedd3.rna_seq.augmented_star_gene_counts.tsv	/Users/ask3r/Desktop/TEKNOFEST_ONCOLOGY/DENEME/rawdata/7127a123-4f5b-4fab-b1fe-deeb790fedd3.rna_seq.augmented_star_gene_counts.tsv	3	2	2	1	1.0	Consensus derived from A/B/C co-association matrix (K=4)
105	0669db2c-5724-4d83-aac7-483708e470c1.rna_seq.augmented_star_gene_counts.tsv	/Users/ask3r/Desktop/TEKNOFEST_ONCOLOGY/DENEME/rawdata/0669db2c-5724-4d83-aac7-483708e470c1.rna_seq.augmented_star_gene_counts.tsv	0	0	0	0	1.0	Consensus derived from A/B/C co-association matrix (K=4)
106	0b53e868-b960-466d-b435-f41a9a8ef34b.rna_seq.augmented_star_gene_counts.tsv	/Users/ask3r/Desktop/TEKNOFEST_ONCOLOGY/DENEME/rawdata/0b53e868-b960-466d-b435-f41a9a8ef34b.rna_seq.augmented_star_gene_counts.tsv	2	0	2	1	1.0	Consensus derived from A/B/C co-association matrix (K=4)
107	75615deb-e120-44f6-a585-1ca07987b7ef.rna_seq.augmented_star_gene_counts.tsv	/Users/ask3r/Desktop/TEKNOFEST_ONCOLOGY/DENEME/rawdata/75615deb-e120-44f6-a585-1ca07987b7ef.rna_seq.augmented_star_gene_counts.tsv	1	1	3	3	1.0	Consensus derived from A/B/C co-association matrix (K=4)
108	b18fea3f-d240-4f38-b1c0-5b8cd2ac6d38.rna_seq.augmented_star_gene_counts.tsv	/Users/ask3r/Desktop/TEKNOFEST_ONCOLOGY/DENEME/rawdata/b18fea3f-d240-4f38-b1c0-5b8cd2ac6d38.rna_seq.augmented_star_gene_counts.tsv	0	0	0	0	1.0	Consensus derived from A/B/C co-association matrix (K=4)
109	4a44bd40-1141-4524-a35f-f29ee37f6c63.rna_seq.augmented_star_gene_counts.tsv	/Users/ask3r/Desktop/TEKNOFEST_ONCOLOGY/DENEME/rawdata/4a44bd40-1141-4524-a35f-f29ee37f6c63.rna_seq.augmented_star_gene_counts.tsv	4	3	1	2	1.0	Consensus derived from A/B/C co-association matrix (K=4)
110	0ce1eb02-a90c-484a-b861-c359562d3be1.rna_seq.augmented_star_gene_counts.tsv	/Users/ask3r/Desktop/TEKNOFEST_ONCOLOGY/DENEME/rawdata/0ce1eb02-a90c-484a-b861-c359562d3be1.rna_seq.augmented_star_gene_counts.tsv	4	3	1	2	1.0	Consensus derived from A/B/C co-association matrix (K=4)
111	0b57370b-485f-47e1-b827-90fac22e61e0.rna_seq.augmented_star_gene_counts.tsv	/Users/ask3r/Desktop/TEKNOFEST_ONCOLOGY/DENEME/rawdata/0b57370b-485f-47e1-b827-90fac22e61e0.rna_seq.augmented_star_gene_counts.tsv	0	0	0	0	1.0	Consensus derived from A/B/C co-association matrix (K=4)
112	b45c00da-6d61-4b10-befa-dc1123f955a9.rna_seq.augmented_star_gene_counts.tsv	/Users/ask3r/Desktop/TEKNOFEST_ONCOLOGY/DENEME/rawdata/b45c00da-6d61-4b10-befa-dc1123f955a9.rna_seq.augmented_star_gene_counts.tsv	1	1	3	3	1.0	Consensus derived from A/B/C co-association matrix (K=4)
113	7a5f6106-e991-4fdb-ae52-61099bd8c3b9.rna_seq.augmented_star_gene_counts.tsv	/Users/ask3r/Desktop/TEKNOFEST_ONCOLOGY/DENEME/rawdata/7a5f6106-e991-4fdb-ae52-61099bd8c3b9.rna_seq.augmented_star_gene_counts.tsv	3	2	2	1	1.0	Consensus derived from A/B/C co-association matrix (K=4)
114	64e37a02-7b4c-430c-9088-2d1c7c89a508.rna_seq.augmented_star_gene_counts.tsv	/Users/ask3r/Desktop/TEKNOFEST_ONCOLOGY/DENEME/rawdata/64e37a02-7b4c-430c-9088-2d1c7c89a508.rna_seq.augmented_star_gene_counts.tsv	4	3	1	2	1.0	Consensus derived from A/B/C co-association matrix (K=4)
115	46c4e8cb-5a79-49d1-8cd1-70e7288718ef.rna_seq.augmented_star_gene_counts.tsv	/Users/ask3r/Desktop/TEKNOFEST_ONCOLOGY/DENEME/rawdata/46c4e8cb-5a79-49d1-8cd1-70e7288718ef.rna_seq.augmented_star_gene_counts.tsv	0	0	0	0	1.0	Consensus derived from A/B/C co-association matrix (K=4)
116	71390b5a-ecd0-475f-8582-8bfb47bb844c.rna_seq.augmented_star_gene_counts.tsv	/Users/ask3r/Desktop/TEKNOFEST_ONCOLOGY/DENEME/rawdata/71390b5a-ecd0-475f-8582-8bfb47bb844c.rna_seq.augmented_star_gene_counts.tsv	1	1	3	3	1.0	Consensus derived from A/B/C co-association matrix (K=4)
117	936f451e-b761-47f8-9d3d-db4cdb1ec27b.rna_seq.augmented_star_gene_counts.tsv	/Users/ask3r/Desktop/TEKNOFEST_ONCOLOGY/DENEME/rawdata/936f451e-b761-47f8-9d3d-db4cdb1ec27b.rna_seq.augmented_star_gene_counts.tsv	1	1	3	3	1.0	Consensus derived from A/B/C co-association matrix (K=4)
118	4a173140-8ec3-4f61-9cc4-86470fb75b8a.rna_seq.augmented_star_gene_counts.tsv	/Users/ask3r/Desktop/TEKNOFEST_ONCOLOGY/DENEME/rawdata/4a173140-8ec3-4f61-9cc4-86470fb75b8a.rna_seq.augmented_star_gene_counts.tsv	4	3	1	2	1.0	Consensus derived from A/B/C co-association matrix (K=4)
119	b44a40d4-3233-4b45-b0b3-799823970345.rna_seq.augmented_star_gene_counts.tsv	/Users/ask3r/Desktop/TEKNOFEST_ONCOLOGY/DENEME/rawdata/b44a40d4-3233-4b45-b0b3-799823970345.rna_seq.augmented_star_gene_counts.tsv	3	2	2	1	1.0	Consensus derived from A/B/C co-association matrix (K=4)
120	9858ebaa-c001-462d-a0d2-7d302f4aaba1.rna_seq.augmented_star_gene_counts.tsv	/Users/ask3r/Desktop/TEKNOFEST_ONCOLOGY/DENEME/rawdata/9858ebaa-c001-462d-a0d2-7d302f4aaba1.rna_seq.augmented_star_gene_counts.tsv	3	2	2	1	1.0	Consensus derived from A/B/C co-association matrix (K=4)
121	c5181f1f-9968-47c1-a2ae-77c3f83e21bd.rna_seq.augmented_star_gene_counts.tsv	/Users/ask3r/Desktop/TEKNOFEST_ONCOLOGY/DENEME/rawdata/c5181f1f-9968-47c1-a2ae-77c3f83e21bd.rna_seq.augmented_star_gene_counts.tsv	2	0	0	0	1.0	Consensus derived from A/B/C co-association matrix (K=4)
122	213d3ace-8e69-44d1-9d14-21885213a765.rna_seq.augmented_star_gene_counts.tsv	/Users/ask3r/Desktop/TEKNOFEST_ONCOLOGY/DENEME/rawdata/213d3ace-8e69-44d1-9d14-21885213a765.rna_seq.augmented_star_gene_counts.tsv	0	0	0	0	1.0	Consensus derived from A/B/C co-association matrix (K=4)
123	20e52266-0d53-42ad-afe7-215217854dc3.rna_seq.augmented_star_gene_counts.tsv	/Users/ask3r/Desktop/TEKNOFEST_ONCOLOGY/DENEME/rawdata/20e52266-0d53-42ad-afe7-215217854dc3.rna_seq.augmented_star_gene_counts.tsv	2	2	2	1	1.0	Consensus derived from A/B/C co-association matrix (K=4)
124	9de49e43-3b26-44a9-8d90-e7d1e9cb4c73.rna_seq.augmented_star_gene_counts.tsv	/Users/ask3r/Desktop/TEKNOFEST_ONCOLOGY/DENEME/rawdata/9de49e43-3b26-44a9-8d90-e7d1e9cb4c73.rna_seq.augmented_star_gene_counts.tsv	0	0	0	0	1.0	Consensus derived from A/B/C co-association matrix (K=4)
125	efd59495-0b78-4b9e-af2b-20adbd7689f5.rna_seq.augmented_star_gene_counts.tsv	/Users/ask3r/Desktop/TEKNOFEST_ONCOLOGY/DENEME/rawdata/efd59495-0b78-4b9e-af2b-20adbd7689f5.rna_seq.augmented_star_gene_counts.tsv	2	2	2	1	1.0	Consensus derived from A/B/C co-association matrix (K=4)
126	7b980b35-f9d6-4d92-bd0d-cf152156a2d8.rna_seq.augmented_star_gene_counts.tsv	/Users/ask3r/Desktop/TEKNOFEST_ONCOLOGY/DENEME/rawdata/7b980b35-f9d6-4d92-bd0d-cf152156a2d8.rna_seq.augmented_star_gene_counts.tsv	0	0	0	0	1.0	Consensus derived from A/B/C co-association matrix (K=4)
127	88c49e2a-ad65-411f-b9d9-df83de6f2b2a.rna_seq.augmented_star_gene_counts.tsv	/Users/ask3r/Desktop/TEKNOFEST_ONCOLOGY/DENEME/rawdata/88c49e2a-ad65-411f-b9d9-df83de6f2b2a.rna_seq.augmented_star_gene_counts.tsv	4	3	3	2	1.0	Consensus derived from A/B/C co-association matrix (K=4)
128	f9e9b712-c1a2-4821-924f-027e2ce78d90.rna_seq.augmented_star_gene_counts.tsv	/Users/ask3r/Desktop/TEKNOFEST_ONCOLOGY/DENEME/rawdata/f9e9b712-c1a2-4821-924f-027e2ce78d90.rna_seq.augmented_star_gene_counts.tsv	1	1	3	3	1.0	Consensus derived from A/B/C co-association matrix (K=4)
129	2d9df1f6-8588-41a5-ac9c-e4034726b796.rna_seq.augmented_star_gene_counts.tsv	/Users/ask3r/Desktop/TEKNOFEST_ONCOLOGY/DENEME/rawdata/2d9df1f6-8588-41a5-ac9c-e4034726b796.rna_seq.augmented_star_gene_counts.tsv	3	0	0	0	1.0	Consensus derived from A/B/C co-association matrix (K=4)
130	a8050792-d0f5-4b8f-aea2-0a303f40b1ca.rna_seq.augmented_star_gene_counts.tsv	/Users/ask3r/Desktop/TEKNOFEST_ONCOLOGY/DENEME/rawdata/a8050792-d0f5-4b8f-aea2-0a303f40b1ca.rna_seq.augmented_star_gene_counts.tsv	4	3	1	2	1.0	Consensus derived from A/B/C co-association matrix (K=4)
131	4ac05a26-e45b-4936-99fa-e031cd5b212c.rna_seq.augmented_star_gene_counts.tsv	/Users/ask3r/Desktop/TEKNOFEST_ONCOLOGY/DENEME/rawdata/4ac05a26-e45b-4936-99fa-e031cd5b212c.rna_seq.augmented_star_gene_counts.tsv	4	3	1	2	1.0	Consensus derived from A/B/C co-association matrix (K=4)
132	e84acff3-3067-49e4-82b7-dbbddfddb723.rna_seq.augmented_star_gene_counts.tsv	/Users/ask3r/Desktop/TEKNOFEST_ONCOLOGY/DENEME/rawdata/e84acff3-3067-49e4-82b7-dbbddfddb723.rna_seq.augmented_star_gene_counts.tsv	2	2	2	1	1.0	Consensus derived from A/B/C co-association matrix (K=4)
133	8c349685-4023-49dd-b32f-0b97f07a38a5.rna_seq.augmented_star_gene_counts.tsv	/Users/ask3r/Desktop/TEKNOFEST_ONCOLOGY/DENEME/rawdata/8c349685-4023-49dd-b32f-0b97f07a38a5.rna_seq.augmented_star_gene_counts.tsv	0	0	0	0	1.0	Consensus derived from A/B/C co-association matrix (K=4)
134	43a6d88e-5e41-4ecb-bbf5-2c0744c1c3a9.rna_seq.augmented_star_gene_counts.tsv	/Users/ask3r/Desktop/TEKNOFEST_ONCOLOGY/DENEME/rawdata/43a6d88e-5e41-4ecb-bbf5-2c0744c1c3a9.rna_seq.augmented_star_gene_counts.tsv	0	0	0	0	1.0	Consensus derived from A/B/C co-association matrix (K=4)
135	b4805b8a-7cb5-4fcb-88c8-8e4d17020873.rna_seq.augmented_star_gene_counts.tsv	/Users/ask3r/Desktop/TEKNOFEST_ONCOLOGY/DENEME/rawdata/b4805b8a-7cb5-4fcb-88c8-8e4d17020873.rna_seq.augmented_star_gene_counts.tsv	4	3	1	2	1.0	Consensus derived from A/B/C co-association matrix (K=4)
136	16bcbeb8-21dc-4cfe-9aa1-60b093f7f984.rna_seq.augmented_star_gene_counts.tsv	/Users/ask3r/Desktop/TEKNOFEST_ONCOLOGY/DENEME/rawdata/16bcbeb8-21dc-4cfe-9aa1-60b093f7f984.rna_seq.augmented_star_gene_counts.tsv	2	0	0	0	1.0	Consensus derived from A/B/C co-association matrix (K=4)
137	5a2fb8ba-a509-4216-83b5-174c1ee94c17.rna_seq.augmented_star_gene_counts.tsv	/Users/ask3r/Desktop/TEKNOFEST_ONCOLOGY/DENEME/rawdata/5a2fb8ba-a509-4216-83b5-174c1ee94c17.rna_seq.augmented_star_gene_counts.tsv	1	1	3	3	1.0	Consensus derived from A/B/C co-association matrix (K=4)
138	b134958f-ae1e-4309-9cfc-16b443ab10c8.rna_seq.augmented_star_gene_counts.tsv	/Users/ask3r/Desktop/TEKNOFEST_ONCOLOGY/DENEME/rawdata/b134958f-ae1e-4309-9cfc-16b443ab10c8.rna_seq.augmented_star_gene_counts.tsv	1	1	3	3	1.0	Consensus derived from A/B/C co-association matrix (K=4)
139	7753deb5-3885-44ca-be8b-8ff6ab9d7e30.rna_seq.augmented_star_gene_counts.tsv	/Users/ask3r/Desktop/TEKNOFEST_ONCOLOGY/DENEME/rawdata/7753deb5-3885-44ca-be8b-8ff6ab9d7e30.rna_seq.augmented_star_gene_counts.tsv	0	0	0	0	1.0	Consensus derived from A/B/C co-association matrix (K=4)
140	09cda3f9-fd03-416c-9ad7-8e27cdb7bd10.rna_seq.augmented_star_gene_counts.tsv	/Users/ask3r/Desktop/TEKNOFEST_ONCOLOGY/DENEME/rawdata/09cda3f9-fd03-416c-9ad7-8e27cdb7bd10.rna_seq.augmented_star_gene_counts.tsv	2	2	2	1	1.0	Consensus derived from A/B/C co-association matrix (K=4)
141	ed0f8f0e-9dbf-475b-8cd7-1f712c5929b8.rna_seq.augmented_star_gene_counts.tsv	/Users/ask3r/Desktop/TEKNOFEST_ONCOLOGY/DENEME/rawdata/ed0f8f0e-9dbf-475b-8cd7-1f712c5929b8.rna_seq.augmented_star_gene_counts.tsv	2	2	2	1	1.0	Consensus derived from A/B/C co-association matrix (K=4)
142	a4e0b059-6e1e-4e90-b55a-4e043e6ed051.rna_seq.augmented_star_gene_counts.tsv	/Users/ask3r/Desktop/TEKNOFEST_ONCOLOGY/DENEME/rawdata/a4e0b059-6e1e-4e90-b55a-4e043e6ed051.rna_seq.augmented_star_gene_counts.tsv	4	3	1	2	1.0	Consensus derived from A/B/C co-association matrix (K=4)
143	1871e575-a4a5-45c7-9b01-3c207e9c0465.rna_seq.augmented_star_gene_counts.tsv	/Users/ask3r/Desktop/TEKNOFEST_ONCOLOGY/DENEME/rawdata/1871e575-a4a5-45c7-9b01-3c207e9c0465.rna_seq.augmented_star_gene_counts.tsv	1	1	3	3	1.0	Consensus derived from A/B/C co-association matrix (K=4)
144	ca69f18c-ec4c-4ba0-851b-03fd454888ba.rna_seq.augmented_star_gene_counts.tsv	/Users/ask3r/Desktop/TEKNOFEST_ONCOLOGY/DENEME/rawdata/ca69f18c-ec4c-4ba0-851b-03fd454888ba.rna_seq.augmented_star_gene_counts.tsv	2	2	2	1	1.0	Consensus derived from A/B/C co-association matrix (K=4)
145	e58cdc72-ac07-40cd-90c5-ebb2d0b8321d.rna_seq.augmented_star_gene_counts.tsv	/Users/ask3r/Desktop/TEKNOFEST_ONCOLOGY/DENEME/rawdata/e58cdc72-ac07-40cd-90c5-ebb2d0b8321d.rna_seq.augmented_star_gene_counts.tsv	3	2	2	1	1.0	Consensus derived from A/B/C co-association matrix (K=4)
146	36b191bd-843f-45e6-9ff2-d99f649c5d0f.rna_seq.augmented_star_gene_counts.tsv	/Users/ask3r/Desktop/TEKNOFEST_ONCOLOGY/DENEME/rawdata/36b191bd-843f-45e6-9ff2-d99f649c5d0f.rna_seq.augmented_star_gene_counts.tsv	3	2	2	1	1.0	Consensus derived from A/B/C co-association matrix (K=4)
147	229e6793-e11e-46c8-9307-1847243a311c.rna_seq.augmented_star_gene_counts.tsv	/Users/ask3r/Desktop/TEKNOFEST_ONCOLOGY/DENEME/rawdata/229e6793-e11e-46c8-9307-1847243a311c.rna_seq.augmented_star_gene_counts.tsv	0	0	0	0	1.0	Consensus derived from A/B/C co-association matrix (K=4)
148	04b6d829-b031-4d9b-99cd-7f9007227edd.rna_seq.augmented_star_gene_counts.tsv	/Users/ask3r/Desktop/TEKNOFEST_ONCOLOGY/DENEME/rawdata/04b6d829-b031-4d9b-99cd-7f9007227edd.rna_seq.augmented_star_gene_counts.tsv	2	0	0	0	1.0	Consensus derived from A/B/C co-association matrix (K=4)
149	a6d109ab-c352-463e-a786-ea1ad30f78cf.rna_seq.augmented_star_gene_counts.tsv	/Users/ask3r/Desktop/TEKNOFEST_ONCOLOGY/DENEME/rawdata/a6d109ab-c352-463e-a786-ea1ad30f78cf.rna_seq.augmented_star_gene_counts.tsv	0	0	0	0	1.0	Consensus derived from A/B/C co-association matrix (K=4)
150	502882eb-8819-4015-8483-ab720e2a25bf.rna_seq.augmented_star_gene_counts.tsv	/Users/ask3r/Desktop/TEKNOFEST_ONCOLOGY/DENEME/rawdata/502882eb-8819-4015-8483-ab720e2a25bf.rna_seq.augmented_star_gene_counts.tsv	0	2	0	0	1.0	Consensus derived from A/B/C co-association matrix (K=4)
151	9f962dec-eac6-423c-a6ba-22d96165c616.rna_seq.augmented_star_gene_counts.tsv	/Users/ask3r/Desktop/TEKNOFEST_ONCOLOGY/DENEME/rawdata/9f962dec-eac6-423c-a6ba-22d96165c616.rna_seq.augmented_star_gene_counts.tsv	1	3	3	3	1.0	Consensus derived from A/B/C co-association matrix (K=4)
152	39f7b501-0578-4c4e-9fc4-fd9a7d839dbf.rna_seq.augmented_star_gene_counts.tsv	/Users/ask3r/Desktop/TEKNOFEST_ONCOLOGY/DENEME/rawdata/39f7b501-0578-4c4e-9fc4-fd9a7d839dbf.rna_seq.augmented_star_gene_counts.tsv	4	3	1	2	1.0	Consensus derived from A/B/C co-association matrix (K=4)
153	0af61bc8-3dd4-458b-940d-b251e11c422e.rna_seq.augmented_star_gene_counts.tsv	/Users/ask3r/Desktop/TEKNOFEST_ONCOLOGY/DENEME/rawdata/0af61bc8-3dd4-458b-940d-b251e11c422e.rna_seq.augmented_star_gene_counts.tsv	0	0	0	0	1.0	Consensus derived from A/B/C co-association matrix (K=4)
154	8acdddb4-3f0d-4b61-8fdd-c187263b3216.rna_seq.augmented_star_gene_counts.tsv	/Users/ask3r/Desktop/TEKNOFEST_ONCOLOGY/DENEME/rawdata/8acdddb4-3f0d-4b61-8fdd-c187263b3216.rna_seq.augmented_star_gene_counts.tsv	0	0	0	0	1.0	Consensus derived from A/B/C co-association matrix (K=4)
155	54f5fb74-d1b8-4ad8-a1d3-2949ef36653f.rna_seq.augmented_star_gene_counts.tsv	/Users/ask3r/Desktop/TEKNOFEST_ONCOLOGY/DENEME/rawdata/54f5fb74-d1b8-4ad8-a1d3-2949ef36653f.rna_seq.augmented_star_gene_counts.tsv	2	2	2	1	1.0	Consensus derived from A/B/C co-association matrix (K=4)
156	c1095377-3814-4ab9-a979-1e4c116c2f22.rna_seq.augmented_star_gene_counts.tsv	/Users/ask3r/Desktop/TEKNOFEST_ONCOLOGY/DENEME/rawdata/c1095377-3814-4ab9-a979-1e4c116c2f22.rna_seq.augmented_star_gene_counts.tsv	3	2	2	1	1.0	Consensus derived from A/B/C co-association matrix (K=4)
157	113df549-f143-4c50-8e18-7c2159bda4eb.rna_seq.augmented_star_gene_counts.tsv	/Users/ask3r/Desktop/TEKNOFEST_ONCOLOGY/DENEME/rawdata/113df549-f143-4c50-8e18-7c2159bda4eb.rna_seq.augmented_star_gene_counts.tsv	4	3	1	2	1.0	Consensus derived from A/B/C co-association matrix (K=4)
158	5d55672c-be4d-4777-aec8-d6798a272723.rna_seq.augmented_star_gene_counts.tsv	/Users/ask3r/Desktop/TEKNOFEST_ONCOLOGY/DENEME/rawdata/5d55672c-be4d-4777-aec8-d6798a272723.rna_seq.augmented_star_gene_counts.tsv	0	2	0	0	1.0	Consensus derived from A/B/C co-association matrix (K=4)
159	4fa49452-cb75-46c0-a633-42b3f7c4361b.rna_seq.augmented_star_gene_counts.tsv	/Users/ask3r/Desktop/TEKNOFEST_ONCOLOGY/DENEME/rawdata/4fa49452-cb75-46c0-a633-42b3f7c4361b.rna_seq.augmented_star_gene_counts.tsv	1	1	3	3	1.0	Consensus derived from A/B/C co-association matrix (K=4)
160	d745289b-15ab-4923-9590-774b20d8b885.rna_seq.augmented_star_gene_counts.tsv	/Users/ask3r/Desktop/TEKNOFEST_ONCOLOGY/DENEME/rawdata/d745289b-15ab-4923-9590-774b20d8b885.rna_seq.augmented_star_gene_counts.tsv	3	2	2	1	1.0	Consensus derived from A/B/C co-association matrix (K=4)
161	6b59c7e7-11f7-4326-a849-2e1a6bb9f3e7.rna_seq.augmented_star_gene_counts.tsv	/Users/ask3r/Desktop/TEKNOFEST_ONCOLOGY/DENEME/rawdata/6b59c7e7-11f7-4326-a849-2e1a6bb9f3e7.rna_seq.augmented_star_gene_counts.tsv	1	1	3	3	1.0	Consensus derived from A/B/C co-association matrix (K=4)
162	37bae717-22b7-4a28-8768-ab83c62ad8ee.rna_seq.augmented_star_gene_counts.tsv	/Users/ask3r/Desktop/TEKNOFEST_ONCOLOGY/DENEME/rawdata/37bae717-22b7-4a28-8768-ab83c62ad8ee.rna_seq.augmented_star_gene_counts.tsv	4	3	1	2	1.0	Consensus derived from A/B/C co-association matrix (K=4)
163	dc528d13-8cd7-475f-a1c5-d710b36199bb.rna_seq.augmented_star_gene_counts.tsv	/Users/ask3r/Desktop/TEKNOFEST_ONCOLOGY/DENEME/rawdata/dc528d13-8cd7-475f-a1c5-d710b36199bb.rna_seq.augmented_star_gene_counts.tsv	0	0	0	0	1.0	Consensus derived from A/B/C co-association matrix (K=4)
164	6ce1df69-82de-4672-bdbc-0dc415983095.rna_seq.augmented_star_gene_counts.tsv	/Users/ask3r/Desktop/TEKNOFEST_ONCOLOGY/DENEME/rawdata/6ce1df69-82de-4672-bdbc-0dc415983095.rna_seq.augmented_star_gene_counts.tsv	0	2	0	0	1.0	Consensus derived from A/B/C co-association matrix (K=4)
165	6571f6d5-963a-4ff7-9174-2b4d61c11069.rna_seq.augmented_star_gene_counts.tsv	/Users/ask3r/Desktop/TEKNOFEST_ONCOLOGY/DENEME/rawdata/6571f6d5-963a-4ff7-9174-2b4d61c11069.rna_seq.augmented_star_gene_counts.tsv	3	0	2	1	1.0	Consensus derived from A/B/C co-association matrix (K=4)
166	f26ac65f-2536-4431-9938-45de5996582e.rna_seq.augmented_star_gene_counts.tsv	/Users/ask3r/Desktop/TEKNOFEST_ONCOLOGY/DENEME/rawdata/f26ac65f-2536-4431-9938-45de5996582e.rna_seq.augmented_star_gene_counts.tsv	0	0	0	0	1.0	Consensus derived from A/B/C co-association matrix (K=4)
167	e08e8902-f526-449f-b645-d29b06d175dd.rna_seq.augmented_star_gene_counts.tsv	/Users/ask3r/Desktop/TEKNOFEST_ONCOLOGY/DENEME/rawdata/e08e8902-f526-449f-b645-d29b06d175dd.rna_seq.augmented_star_gene_counts.tsv	4	3	1	2	1.0	Consensus derived from A/B/C co-association matrix (K=4)
168	bfbd4b8b-d34e-4ad2-a30b-6465d61ddf98.rna_seq.augmented_star_gene_counts.tsv	/Users/ask3r/Desktop/TEKNOFEST_ONCOLOGY/DENEME/rawdata/bfbd4b8b-d34e-4ad2-a30b-6465d61ddf98.rna_seq.augmented_star_gene_counts.tsv	0	0	0	0	1.0	Consensus derived from A/B/C co-association matrix (K=4)
169	efbd20eb-2922-4904-8cf1-88d5bb09ab30.rna_seq.augmented_star_gene_counts.tsv	/Users/ask3r/Desktop/TEKNOFEST_ONCOLOGY/DENEME/rawdata/efbd20eb-2922-4904-8cf1-88d5bb09ab30.rna_seq.augmented_star_gene_counts.tsv	1	3	3	3	1.0	Consensus derived from A/B/C co-association matrix (K=4)
170	fae111e5-9372-4e6d-8e0d-c158c478afc4.rna_seq.augmented_star_gene_counts.tsv	/Users/ask3r/Desktop/TEKNOFEST_ONCOLOGY/DENEME/rawdata/fae111e5-9372-4e6d-8e0d-c158c478afc4.rna_seq.augmented_star_gene_counts.tsv	1	1	3	3	1.0	Consensus derived from A/B/C co-association matrix (K=4)
171	aa1c5f7f-f66e-4e92-91fb-a8cd0a6ba463.rna_seq.augmented_star_gene_counts.tsv	/Users/ask3r/Desktop/TEKNOFEST_ONCOLOGY/DENEME/rawdata/aa1c5f7f-f66e-4e92-91fb-a8cd0a6ba463.rna_seq.augmented_star_gene_counts.tsv	0	2	0	0	1.0	Consensus derived from A/B/C co-association matrix (K=4)
172	86aad7af-3cf5-4941-9ef5-78aafdb57cc3.rna_seq.augmented_star_gene_counts.tsv	/Users/ask3r/Desktop/TEKNOFEST_ONCOLOGY/DENEME/rawdata/86aad7af-3cf5-4941-9ef5-78aafdb57cc3.rna_seq.augmented_star_gene_counts.tsv	2	0	0	0	1.0	Consensus derived from A/B/C co-association matrix (K=4)
173	b4a1254d-9975-4cc8-88ed-8ad37ac0af82.rna_seq.augmented_star_gene_counts.tsv	/Users/ask3r/Desktop/TEKNOFEST_ONCOLOGY/DENEME/rawdata/b4a1254d-9975-4cc8-88ed-8ad37ac0af82.rna_seq.augmented_star_gene_counts.tsv	0	0	0	0	1.0	Consensus derived from A/B/C co-association matrix (K=4)
174	63af1588-387b-44a7-97ed-4f73559347c2.rna_seq.augmented_star_gene_counts.tsv	/Users/ask3r/Desktop/TEKNOFEST_ONCOLOGY/DENEME/rawdata/63af1588-387b-44a7-97ed-4f73559347c2.rna_seq.augmented_star_gene_counts.tsv	1	1	3	3	1.0	Consensus derived from A/B/C co-association matrix (K=4)
175	a0cfa49e-93dd-48c9-8a9a-c3dfdb081ae4.rna_seq.augmented_star_gene_counts.tsv	/Users/ask3r/Desktop/TEKNOFEST_ONCOLOGY/DENEME/rawdata/a0cfa49e-93dd-48c9-8a9a-c3dfdb081ae4.rna_seq.augmented_star_gene_counts.tsv	4	3	1	2	1.0	Consensus derived from A/B/C co-association matrix (K=4)
176	3161d1dc-d31c-42ea-b6e4-a92dfac232d5.rna_seq.augmented_star_gene_counts.tsv	/Users/ask3r/Desktop/TEKNOFEST_ONCOLOGY/DENEME/rawdata/3161d1dc-d31c-42ea-b6e4-a92dfac232d5.rna_seq.augmented_star_gene_counts.tsv	3	2	2	1	1.0	Consensus derived from A/B/C co-association matrix (K=4)
177	97f42a19-6ae6-4cd5-b4f5-4777c44324e8.rna_seq.augmented_star_gene_counts.tsv	/Users/ask3r/Desktop/TEKNOFEST_ONCOLOGY/DENEME/rawdata/97f42a19-6ae6-4cd5-b4f5-4777c44324e8.rna_seq.augmented_star_gene_counts.tsv	0	0	0	0	1.0	Consensus derived from A/B/C co-association matrix (K=4)
178	8ce23744-e0bc-459b-8b6d-8bac6c4ef6d5.rna_seq.augmented_star_gene_counts.tsv	/Users/ask3r/Desktop/TEKNOFEST_ONCOLOGY/DENEME/rawdata/8ce23744-e0bc-459b-8b6d-8bac6c4ef6d5.rna_seq.augmented_star_gene_counts.tsv	0	0	0	0	1.0	Consensus derived from A/B/C co-association matrix (K=4)
179	fa094819-3bc6-4bc6-92cc-906254bbfa73.rna_seq.augmented_star_gene_counts.tsv	/Users/ask3r/Desktop/TEKNOFEST_ONCOLOGY/DENEME/rawdata/fa094819-3bc6-4bc6-92cc-906254bbfa73.rna_seq.augmented_star_gene_counts.tsv	1	1	3	3	1.0	Consensus derived from A/B/C co-association matrix (K=4)
180	2463aaf7-9673-4bf2-9e8e-41d01e2379a1.rna_seq.augmented_star_gene_counts.tsv	/Users/ask3r/Desktop/TEKNOFEST_ONCOLOGY/DENEME/rawdata/2463aaf7-9673-4bf2-9e8e-41d01e2379a1.rna_seq.augmented_star_gene_counts.tsv	3	2	2	1	1.0	Consensus derived from A/B/C co-association matrix (K=4)
181	e9c72888-0405-4c66-bcd5-bb56173bdcb2.rna_seq.augmented_star_gene_counts.tsv	/Users/ask3r/Desktop/TEKNOFEST_ONCOLOGY/DENEME/rawdata/e9c72888-0405-4c66-bcd5-bb56173bdcb2.rna_seq.augmented_star_gene_counts.tsv	1	1	3	3	1.0	Consensus derived from A/B/C co-association matrix (K=4)
182	209797f2-6e12-4f02-bea7-fd559305fad4.rna_seq.augmented_star_gene_counts.tsv	/Users/ask3r/Desktop/TEKNOFEST_ONCOLOGY/DENEME/rawdata/209797f2-6e12-4f02-bea7-fd559305fad4.rna_seq.augmented_star_gene_counts.tsv	1	1	3	3	1.0	Consensus derived from A/B/C co-association matrix (K=4)
183	41bdf255-88ed-4346-9033-7813b2c97d84.rna_seq.augmented_star_gene_counts.tsv	/Users/ask3r/Desktop/TEKNOFEST_ONCOLOGY/DENEME/rawdata/41bdf255-88ed-4346-9033-7813b2c97d84.rna_seq.augmented_star_gene_counts.tsv	4	3	1	2	1.0	Consensus derived from A/B/C co-association matrix (K=4)
184	51cf388b-effc-44bd-bd78-5b25878561a2.rna_seq.augmented_star_gene_counts.tsv	/Users/ask3r/Desktop/TEKNOFEST_ONCOLOGY/DENEME/rawdata/51cf388b-effc-44bd-bd78-5b25878561a2.rna_seq.augmented_star_gene_counts.tsv	4	3	1	2	1.0	Consensus derived from A/B/C co-association matrix (K=4)
185	967e6f4b-8c6b-4498-87c2-330b2c174061.rna_seq.augmented_star_gene_counts.tsv	/Users/ask3r/Desktop/TEKNOFEST_ONCOLOGY/DENEME/rawdata/967e6f4b-8c6b-4498-87c2-330b2c174061.rna_seq.augmented_star_gene_counts.tsv	0	0	0	0	1.0	Consensus derived from A/B/C co-association matrix (K=4)
186	aab4bee0-b7a4-4671-b7e3-e11f11abe0e7.rna_seq.augmented_star_gene_counts.tsv	/Users/ask3r/Desktop/TEKNOFEST_ONCOLOGY/DENEME/rawdata/aab4bee0-b7a4-4671-b7e3-e11f11abe0e7.rna_seq.augmented_star_gene_counts.tsv	1	3	3	3	1.0	Consensus derived from A/B/C co-association matrix (K=4)
187	92dec9cc-fcd9-4cfc-9bc2-84372e772a5d.rna_seq.augmented_star_gene_counts.tsv	/Users/ask3r/Desktop/TEKNOFEST_ONCOLOGY/DENEME/rawdata/92dec9cc-fcd9-4cfc-9bc2-84372e772a5d.rna_seq.augmented_star_gene_counts.tsv	1	1	3	3	1.0	Consensus derived from A/B/C co-association matrix (K=4)
188	58d714ce-bdb7-4365-b3f9-a5464237b1d4.rna_seq.augmented_star_gene_counts.tsv	/Users/ask3r/Desktop/TEKNOFEST_ONCOLOGY/DENEME/rawdata/58d714ce-bdb7-4365-b3f9-a5464237b1d4.rna_seq.augmented_star_gene_counts.tsv	1	1	3	3	1.0	Consensus derived from A/B/C co-association matrix (K=4)
189	2d2d4fdc-063c-4078-9eb9-758384cbeb22.rna_seq.augmented_star_gene_counts.tsv	/Users/ask3r/Desktop/TEKNOFEST_ONCOLOGY/DENEME/rawdata/2d2d4fdc-063c-4078-9eb9-758384cbeb22.rna_seq.augmented_star_gene_counts.tsv	0	0	0	0	1.0	Consensus derived from A/B/C co-association matrix (K=4)
190	034c42f2-fee6-4196-9c02-24589ce01071.rna_seq.augmented_star_gene_counts.tsv	/Users/ask3r/Desktop/TEKNOFEST_ONCOLOGY/DENEME/rawdata/034c42f2-fee6-4196-9c02-24589ce01071.rna_seq.augmented_star_gene_counts.tsv	3	2	2	1	1.0	Consensus derived from A/B/C co-association matrix (K=4)
191	80f616bc-e28d-43b2-b3cb-606962c0d22b.rna_seq.augmented_star_gene_counts.tsv	/Users/ask3r/Desktop/TEKNOFEST_ONCOLOGY/DENEME/rawdata/80f616bc-e28d-43b2-b3cb-606962c0d22b.rna_seq.augmented_star_gene_counts.tsv	2	1	2	1	1.0	Consensus derived from A/B/C co-association matrix (K=4)
192	6afd066b-806e-4568-94d9-ac189d1101af.rna_seq.augmented_star_gene_counts.tsv	/Users/ask3r/Desktop/TEKNOFEST_ONCOLOGY/DENEME/rawdata/6afd066b-806e-4568-94d9-ac189d1101af.rna_seq.augmented_star_gene_counts.tsv	1	1	3	3	1.0	Consensus derived from A/B/C co-association matrix (K=4)
193	f4a6270e-6932-4d56-aa0b-475377d443b9.rna_seq.augmented_star_gene_counts.tsv	/Users/ask3r/Desktop/TEKNOFEST_ONCOLOGY/DENEME/rawdata/f4a6270e-6932-4d56-aa0b-475377d443b9.rna_seq.augmented_star_gene_counts.tsv	2	0	2	1	1.0	Consensus derived from A/B/C co-association matrix (K=4)
194	328b149f-1c8d-4350-8ed8-a666bdc6a3f9.rna_seq.augmented_star_gene_counts.tsv	/Users/ask3r/Desktop/TEKNOFEST_ONCOLOGY/DENEME/rawdata/328b149f-1c8d-4350-8ed8-a666bdc6a3f9.rna_seq.augmented_star_gene_counts.tsv	1	1	3	3	1.0	Consensus derived from A/B/C co-association matrix (K=4)
195	155b64a3-9f0a-4f56-970b-d389caea4af3.rna_seq.augmented_star_gene_counts.tsv	/Users/ask3r/Desktop/TEKNOFEST_ONCOLOGY/DENEME/rawdata/155b64a3-9f0a-4f56-970b-d389caea4af3.rna_seq.augmented_star_gene_counts.tsv	2	0	0	0	1.0	Consensus derived from A/B/C co-association matrix (K=4)
196	c106d702-1803-4226-a120-f43bc28ae11c.rna_seq.augmented_star_gene_counts.tsv	/Users/ask3r/Desktop/TEKNOFEST_ONCOLOGY/DENEME/rawdata/c106d702-1803-4226-a120-f43bc28ae11c.rna_seq.augmented_star_gene_counts.tsv	3	0	0	0	1.0	Consensus derived from A/B/C co-association matrix (K=4)
197	3b6125da-8c27-4889-a5d1-4bdc697f2a72.rna_seq.augmented_star_gene_counts.tsv	/Users/ask3r/Desktop/TEKNOFEST_ONCOLOGY/DENEME/rawdata/3b6125da-8c27-4889-a5d1-4bdc697f2a72.rna_seq.augmented_star_gene_counts.tsv	0	0	0	0	1.0	Consensus derived from A/B/C co-association matrix (K=4)
198	c99203bc-27cb-4af5-983f-46d87525a034.rna_seq.augmented_star_gene_counts.tsv	/Users/ask3r/Desktop/TEKNOFEST_ONCOLOGY/DENEME/rawdata/c99203bc-27cb-4af5-983f-46d87525a034.rna_seq.augmented_star_gene_counts.tsv	4	1	3	3	1.0	Consensus derived from A/B/C co-association matrix (K=4)
199	404948ed-abef-4949-8375-64908c0d52c0.rna_seq.augmented_star_gene_counts.tsv	/Users/ask3r/Desktop/TEKNOFEST_ONCOLOGY/DENEME/rawdata/404948ed-abef-4949-8375-64908c0d52c0.rna_seq.augmented_star_gene_counts.tsv	4	3	1	2	1.0	Consensus derived from A/B/C co-association matrix (K=4)
200	03ddea6f-d377-4e2a-a59d-91d5c5b6e4ed.rna_seq.augmented_star_gene_counts.tsv	/Users/ask3r/Desktop/TEKNOFEST_ONCOLOGY/DENEME/rawdata/03ddea6f-d377-4e2a-a59d-91d5c5b6e4ed.rna_seq.augmented_star_gene_counts.tsv	4	3	1	2	1.0	Consensus derived from A/B/C co-association matrix (K=4)
201	7953f14d-563a-4c41-882e-cce3821547a3.rna_seq.augmented_star_gene_counts.tsv	/Users/ask3r/Desktop/TEKNOFEST_ONCOLOGY/DENEME/rawdata/7953f14d-563a-4c41-882e-cce3821547a3.rna_seq.augmented_star_gene_counts.tsv	4	3	1	2	1.0	Consensus derived from A/B/C co-association matrix (K=4)
202	979a75fb-49bd-48e4-b7b1-1391a67726cb.rna_seq.augmented_star_gene_counts.tsv	/Users/ask3r/Desktop/TEKNOFEST_ONCOLOGY/DENEME/rawdata/979a75fb-49bd-48e4-b7b1-1391a67726cb.rna_seq.augmented_star_gene_counts.tsv	1	1	3	3	1.0	Consensus derived from A/B/C co-association matrix (K=4)
203	23f3b0c8-dc66-445e-9d05-bd631e00f2ee.rna_seq.augmented_star_gene_counts.tsv	/Users/ask3r/Desktop/TEKNOFEST_ONCOLOGY/DENEME/rawdata/23f3b0c8-dc66-445e-9d05-bd631e00f2ee.rna_seq.augmented_star_gene_counts.tsv	4	3	1	2	1.0	Consensus derived from A/B/C co-association matrix (K=4)
204	9b1f39e2-a587-4fde-afd2-e0808a7766c1.rna_seq.augmented_star_gene_counts.tsv	/Users/ask3r/Desktop/TEKNOFEST_ONCOLOGY/DENEME/rawdata/9b1f39e2-a587-4fde-afd2-e0808a7766c1.rna_seq.augmented_star_gene_counts.tsv	4	3	1	2	1.0	Consensus derived from A/B/C co-association matrix (K=4)
205	df3438b0-f3c9-4d19-bfe3-685b97b05a3a.rna_seq.augmented_star_gene_counts.tsv	/Users/ask3r/Desktop/TEKNOFEST_ONCOLOGY/DENEME/rawdata/df3438b0-f3c9-4d19-bfe3-685b97b05a3a.rna_seq.augmented_star_gene_counts.tsv	3	2	2	1	1.0	Consensus derived from A/B/C co-association matrix (K=4)
206	45b03af8-f396-4c1b-809a-5e2aa7ce0769.rna_seq.augmented_star_gene_counts.tsv	/Users/ask3r/Desktop/TEKNOFEST_ONCOLOGY/DENEME/rawdata/45b03af8-f396-4c1b-809a-5e2aa7ce0769.rna_seq.augmented_star_gene_counts.tsv	0	2	2	1	1.0	Consensus derived from A/B/C co-association matrix (K=4)
207	0de1e059-6f06-44a0-abd3-c42cf2326898.rna_seq.augmented_star_gene_counts.tsv	/Users/ask3r/Desktop/TEKNOFEST_ONCOLOGY/DENEME/rawdata/0de1e059-6f06-44a0-abd3-c42cf2326898.rna_seq.augmented_star_gene_counts.tsv	0	0	0	0	1.0	Consensus derived from A/B/C co-association matrix (K=4)
208	5990f089-fa26-4ba3-997c-61ff9c7d3dbb.rna_seq.augmented_star_gene_counts.tsv	/Users/ask3r/Desktop/TEKNOFEST_ONCOLOGY/DENEME/rawdata/5990f089-fa26-4ba3-997c-61ff9c7d3dbb.rna_seq.augmented_star_gene_counts.tsv	1	1	3	3	1.0	Consensus derived from A/B/C co-association matrix (K=4)
209	c1c1d4e2-83de-43de-b586-9b375dc91f4d.rna_seq.augmented_star_gene_counts.tsv	/Users/ask3r/Desktop/TEKNOFEST_ONCOLOGY/DENEME/rawdata/c1c1d4e2-83de-43de-b586-9b375dc91f4d.rna_seq.augmented_star_gene_counts.tsv	2	2	2	1	1.0	Consensus derived from A/B/C co-association matrix (K=4)
210	78484ab5-e8f8-4029-b5b2-63629a949e2f.rna_seq.augmented_star_gene_counts.tsv	/Users/ask3r/Desktop/TEKNOFEST_ONCOLOGY/DENEME/rawdata/78484ab5-e8f8-4029-b5b2-63629a949e2f.rna_seq.augmented_star_gene_counts.tsv	4	3	1	2	1.0	Consensus derived from A/B/C co-association matrix (K=4)
211	b5a77ad0-9041-4392-afde-ff98f1321c97.rna_seq.augmented_star_gene_counts.tsv	/Users/ask3r/Desktop/TEKNOFEST_ONCOLOGY/DENEME/rawdata/b5a77ad0-9041-4392-afde-ff98f1321c97.rna_seq.augmented_star_gene_counts.tsv	2	0	0	0	1.0	Consensus derived from A/B/C co-association matrix (K=4)
212	9336dd74-2f3f-4c1f-bebf-e4aae364f784.rna_seq.augmented_star_gene_counts.tsv	/Users/ask3r/Desktop/TEKNOFEST_ONCOLOGY/DENEME/rawdata/9336dd74-2f3f-4c1f-bebf-e4aae364f784.rna_seq.augmented_star_gene_counts.tsv	3	2	2	1	1.0	Consensus derived from A/B/C co-association matrix (K=4)
213	d83433da-3354-4e58-94f6-52d56d296363.rna_seq.augmented_star_gene_counts.tsv	/Users/ask3r/Desktop/TEKNOFEST_ONCOLOGY/DENEME/rawdata/d83433da-3354-4e58-94f6-52d56d296363.rna_seq.augmented_star_gene_counts.tsv	1	1	3	3	1.0	Consensus derived from A/B/C co-association matrix (K=4)
214	a6a0d0d7-9aea-4403-b5c1-c4f2d420059f.rna_seq.augmented_star_gene_counts.tsv	/Users/ask3r/Desktop/TEKNOFEST_ONCOLOGY/DENEME/rawdata/a6a0d0d7-9aea-4403-b5c1-c4f2d420059f.rna_seq.augmented_star_gene_counts.tsv	2	2	2	1	1.0	Consensus derived from A/B/C co-association matrix (K=4)
215	7aaf54b8-2be8-4b92-91c9-cfc21671dc60.rna_seq.augmented_star_gene_counts.tsv	/Users/ask3r/Desktop/TEKNOFEST_ONCOLOGY/DENEME/rawdata/7aaf54b8-2be8-4b92-91c9-cfc21671dc60.rna_seq.augmented_star_gene_counts.tsv	4	3	1	2	1.0	Consensus derived from A/B/C co-association matrix (K=4)
216	7a4908be-65e5-4008-8eec-becdc9903c74.rna_seq.augmented_star_gene_counts.tsv	/Users/ask3r/Desktop/TEKNOFEST_ONCOLOGY/DENEME/rawdata/7a4908be-65e5-4008-8eec-becdc9903c74.rna_seq.augmented_star_gene_counts.tsv	3	2	2	1	1.0	Consensus derived from A/B/C co-association matrix (K=4)
217	3b771109-4c7d-4963-9d89-4ea431c8ad57.rna_seq.augmented_star_gene_counts.tsv	/Users/ask3r/Desktop/TEKNOFEST_ONCOLOGY/DENEME/rawdata/3b771109-4c7d-4963-9d89-4ea431c8ad57.rna_seq.augmented_star_gene_counts.tsv	0	2	2	1	1.0	Consensus derived from A/B/C co-association matrix (K=4)
218	388193e4-004b-44b4-9eac-267eab7a9412.rna_seq.augmented_star_gene_counts.tsv	/Users/ask3r/Desktop/TEKNOFEST_ONCOLOGY/DENEME/rawdata/388193e4-004b-44b4-9eac-267eab7a9412.rna_seq.augmented_star_gene_counts.tsv	0	0	0	0	1.0	Consensus derived from A/B/C co-association matrix (K=4)
219	22e5949e-2b59-4f74-9c48-ee1cc43032c4.rna_seq.augmented_star_gene_counts.tsv	/Users/ask3r/Desktop/TEKNOFEST_ONCOLOGY/DENEME/rawdata/22e5949e-2b59-4f74-9c48-ee1cc43032c4.rna_seq.augmented_star_gene_counts.tsv	3	2	2	1	1.0	Consensus derived from A/B/C co-association matrix (K=4)
220	116233db-c003-4224-9359-17f290bf1eea.rna_seq.augmented_star_gene_counts.tsv	/Users/ask3r/Desktop/TEKNOFEST_ONCOLOGY/DENEME/rawdata/116233db-c003-4224-9359-17f290bf1eea.rna_seq.augmented_star_gene_counts.tsv	0	2	2	1	1.0	Consensus derived from A/B/C co-association matrix (K=4)
221	d0d080e3-b40d-466e-8b51-58ee3f463667.rna_seq.augmented_star_gene_counts.tsv	/Users/ask3r/Desktop/TEKNOFEST_ONCOLOGY/DENEME/rawdata/d0d080e3-b40d-466e-8b51-58ee3f463667.rna_seq.augmented_star_gene_counts.tsv	4	3	1	2	1.0	Consensus derived from A/B/C co-association matrix (K=4)
222	9c6e0acf-3b58-4c3f-99f1-460b0aa68693.rna_seq.augmented_star_gene_counts.tsv	/Users/ask3r/Desktop/TEKNOFEST_ONCOLOGY/DENEME/rawdata/9c6e0acf-3b58-4c3f-99f1-460b0aa68693.rna_seq.augmented_star_gene_counts.tsv	2	2	2	1	1.0	Consensus derived from A/B/C co-association matrix (K=4)
223	37253fe8-4a9a-4076-9244-8cc727d6b432.rna_seq.augmented_star_gene_counts.tsv	/Users/ask3r/Desktop/TEKNOFEST_ONCOLOGY/DENEME/rawdata/37253fe8-4a9a-4076-9244-8cc727d6b432.rna_seq.augmented_star_gene_counts.tsv	4	3	1	2	1.0	Consensus derived from A/B/C co-association matrix (K=4)
224	7a13e0f8-ed80-4fc5-985a-f40a6585d416.rna_seq.augmented_star_gene_counts.tsv	/Users/ask3r/Desktop/TEKNOFEST_ONCOLOGY/DENEME/rawdata/7a13e0f8-ed80-4fc5-985a-f40a6585d416.rna_seq.augmented_star_gene_counts.tsv	2	0	2	1	1.0	Consensus derived from A/B/C co-association matrix (K=4)
225	5b56daff-2531-46b1-a277-86b88b878c61.rna_seq.augmented_star_gene_counts.tsv	/Users/ask3r/Desktop/TEKNOFEST_ONCOLOGY/DENEME/rawdata/5b56daff-2531-46b1-a277-86b88b878c61.rna_seq.augmented_star_gene_counts.tsv	4	3	1	2	1.0	Consensus derived from A/B/C co-association matrix (K=4)
226	1435785d-a1c3-4f05-a369-74a2134d5986.rna_seq.augmented_star_gene_counts.tsv	/Users/ask3r/Desktop/TEKNOFEST_ONCOLOGY/DENEME/rawdata/1435785d-a1c3-4f05-a369-74a2134d5986.rna_seq.augmented_star_gene_counts.tsv	4	3	1	2	1.0	Consensus derived from A/B/C co-association matrix (K=4)
227	b556f213-9004-45b1-ab97-09cbac4406c4.rna_seq.augmented_star_gene_counts.tsv	/Users/ask3r/Desktop/TEKNOFEST_ONCOLOGY/DENEME/rawdata/b556f213-9004-45b1-ab97-09cbac4406c4.rna_seq.augmented_star_gene_counts.tsv	0	0	0	0	1.0	Consensus derived from A/B/C co-association matrix (K=4)
228	bd011c84-2d5f-4d9d-97c6-4ed6ad1cf044.rna_seq.augmented_star_gene_counts.tsv	/Users/ask3r/Desktop/TEKNOFEST_ONCOLOGY/DENEME/rawdata/bd011c84-2d5f-4d9d-97c6-4ed6ad1cf044.rna_seq.augmented_star_gene_counts.tsv	2	2	2	1	1.0	Consensus derived from A/B/C co-association matrix (K=4)
229	051dc36f-47e2-4d77-b9b9-c5f2d315f5f3.rna_seq.augmented_star_gene_counts.tsv	/Users/ask3r/Desktop/TEKNOFEST_ONCOLOGY/DENEME/rawdata/051dc36f-47e2-4d77-b9b9-c5f2d315f5f3.rna_seq.augmented_star_gene_counts.tsv	1	1	3	3	1.0	Consensus derived from A/B/C co-association matrix (K=4)
230	4ef577ef-0834-48d7-918d-c2b5df7efaf4.rna_seq.augmented_star_gene_counts.tsv	/Users/ask3r/Desktop/TEKNOFEST_ONCOLOGY/DENEME/rawdata/4ef577ef-0834-48d7-918d-c2b5df7efaf4.rna_seq.augmented_star_gene_counts.tsv	1	1	3	3	1.0	Consensus derived from A/B/C co-association matrix (K=4)
231	b11f8af1-b2a1-474c-a6d7-e28fc0df6885.rna_seq.augmented_star_gene_counts.tsv	/Users/ask3r/Desktop/TEKNOFEST_ONCOLOGY/DENEME/rawdata/b11f8af1-b2a1-474c-a6d7-e28fc0df6885.rna_seq.augmented_star_gene_counts.tsv	2	2	0	1	1.0	Consensus derived from A/B/C co-association matrix (K=4)
232	79b783ac-103f-47a6-bc4b-8498a0be46ac.rna_seq.augmented_star_gene_counts.tsv	/Users/ask3r/Desktop/TEKNOFEST_ONCOLOGY/DENEME/rawdata/79b783ac-103f-47a6-bc4b-8498a0be46ac.rna_seq.augmented_star_gene_counts.tsv	1	1	3	3	1.0	Consensus derived from A/B/C co-association matrix (K=4)
233	abe6bb88-6bf3-41f2-897e-073edf2ebc33.rna_seq.augmented_star_gene_counts.tsv	/Users/ask3r/Desktop/TEKNOFEST_ONCOLOGY/DENEME/rawdata/abe6bb88-6bf3-41f2-897e-073edf2ebc33.rna_seq.augmented_star_gene_counts.tsv	0	0	0	0	1.0	Consensus derived from A/B/C co-association matrix (K=4)
234	15470aa1-dc19-4270-a09d-4341c7f174bb.rna_seq.augmented_star_gene_counts.tsv	/Users/ask3r/Desktop/TEKNOFEST_ONCOLOGY/DENEME/rawdata/15470aa1-dc19-4270-a09d-4341c7f174bb.rna_seq.augmented_star_gene_counts.tsv	3	2	2	1	1.0	Consensus derived from A/B/C co-association matrix (K=4)
235	f426768e-744a-4bed-bb8e-b5957a350bf2.rna_seq.augmented_star_gene_counts.tsv	/Users/ask3r/Desktop/TEKNOFEST_ONCOLOGY/DENEME/rawdata/f426768e-744a-4bed-bb8e-b5957a350bf2.rna_seq.augmented_star_gene_counts.tsv	1	1	3	3	1.0	Consensus derived from A/B/C co-association matrix (K=4)
236	2b11021d-d0c9-44fb-b047-0c40a4707dc6.rna_seq.augmented_star_gene_counts.tsv	/Users/ask3r/Desktop/TEKNOFEST_ONCOLOGY/DENEME/rawdata/2b11021d-d0c9-44fb-b047-0c40a4707dc6.rna_seq.augmented_star_gene_counts.tsv	3	2	2	1	1.0	Consensus derived from A/B/C co-association matrix (K=4)
237	4ead1157-bb18-4e7c-9632-b13d869c5365.rna_seq.augmented_star_gene_counts.tsv	/Users/ask3r/Desktop/TEKNOFEST_ONCOLOGY/DENEME/rawdata/4ead1157-bb18-4e7c-9632-b13d869c5365.rna_seq.augmented_star_gene_counts.tsv	1	1	3	3	1.0	Consensus derived from A/B/C co-association matrix (K=4)
238	33ce2e6b-71eb-459d-9b05-9495a21be871.rna_seq.augmented_star_gene_counts.tsv	/Users/ask3r/Desktop/TEKNOFEST_ONCOLOGY/DENEME/rawdata/33ce2e6b-71eb-459d-9b05-9495a21be871.rna_seq.augmented_star_gene_counts.tsv	3	2	2	1	1.0	Consensus derived from A/B/C co-association matrix (K=4)
239	d088027b-e691-4962-bf1c-85abd24ac76c.rna_seq.augmented_star_gene_counts.tsv	/Users/ask3r/Desktop/TEKNOFEST_ONCOLOGY/DENEME/rawdata/d088027b-e691-4962-bf1c-85abd24ac76c.rna_seq.augmented_star_gene_counts.tsv	4	3	3	2	1.0	Consensus derived from A/B/C co-association matrix (K=4)
240	1f027bee-5316-4d9f-a566-41890da18493.rna_seq.augmented_star_gene_counts.tsv	/Users/ask3r/Desktop/TEKNOFEST_ONCOLOGY/DENEME/rawdata/1f027bee-5316-4d9f-a566-41890da18493.rna_seq.augmented_star_gene_counts.tsv	4	3	3	2	1.0	Consensus derived from A/B/C co-association matrix (K=4)
241	cebc70af-a3df-45ef-9656-050f382f64e8.rna_seq.augmented_star_gene_counts.tsv	/Users/ask3r/Desktop/TEKNOFEST_ONCOLOGY/DENEME/rawdata/cebc70af-a3df-45ef-9656-050f382f64e8.rna_seq.augmented_star_gene_counts.tsv	1	1	3	3	1.0	Consensus derived from A/B/C co-association matrix (K=4)
242	cdd06204-36e8-4cf9-90c2-f96149f5f58e.rna_seq.augmented_star_gene_counts.tsv	/Users/ask3r/Desktop/TEKNOFEST_ONCOLOGY/DENEME/rawdata/cdd06204-36e8-4cf9-90c2-f96149f5f58e.rna_seq.augmented_star_gene_counts.tsv	3	2	2	1	1.0	Consensus derived from A/B/C co-association matrix (K=4)
243	4d88e95f-b1fe-4dd6-b602-3db0197b693c.rna_seq.augmented_star_gene_counts.tsv	/Users/ask3r/Desktop/TEKNOFEST_ONCOLOGY/DENEME/rawdata/4d88e95f-b1fe-4dd6-b602-3db0197b693c.rna_seq.augmented_star_gene_counts.tsv	3	0	2	1	1.0	Consensus derived from A/B/C co-association matrix (K=4)
244	64c28835-3395-4328-887f-b2bf042c3d9a.rna_seq.augmented_star_gene_counts.tsv	/Users/ask3r/Desktop/TEKNOFEST_ONCOLOGY/DENEME/rawdata/64c28835-3395-4328-887f-b2bf042c3d9a.rna_seq.augmented_star_gene_counts.tsv	4	3	1	2	1.0	Consensus derived from A/B/C co-association matrix (K=4)
245	27388014-4a95-4b65-b488-79be5bf9f5b0.rna_seq.augmented_star_gene_counts.tsv	/Users/ask3r/Desktop/TEKNOFEST_ONCOLOGY/DENEME/rawdata/27388014-4a95-4b65-b488-79be5bf9f5b0.rna_seq.augmented_star_gene_counts.tsv	0	0	0	0	1.0	Consensus derived from A/B/C co-association matrix (K=4)
246	db0f3e8d-4a8e-48c7-8903-3dfba46d8401.rna_seq.augmented_star_gene_counts.tsv	/Users/ask3r/Desktop/TEKNOFEST_ONCOLOGY/DENEME/rawdata/db0f3e8d-4a8e-48c7-8903-3dfba46d8401.rna_seq.augmented_star_gene_counts.tsv	4	3	1	2	1.0	Consensus derived from A/B/C co-association matrix (K=4)
247	e1757a20-2d6f-4aee-bafb-804302b448ea.rna_seq.augmented_star_gene_counts.tsv	/Users/ask3r/Desktop/TEKNOFEST_ONCOLOGY/DENEME/rawdata/e1757a20-2d6f-4aee-bafb-804302b448ea.rna_seq.augmented_star_gene_counts.tsv	1	1	3	3	1.0	Consensus derived from A/B/C co-association matrix (K=4)
248	17eedf5a-cad4-460d-bf28-9539ed131e5a.rna_seq.augmented_star_gene_counts.tsv	/Users/ask3r/Desktop/TEKNOFEST_ONCOLOGY/DENEME/rawdata/17eedf5a-cad4-460d-bf28-9539ed131e5a.rna_seq.augmented_star_gene_counts.tsv	3	2	2	1	1.0	Consensus derived from A/B/C co-association matrix (K=4)
249	6394059f-8ec8-4fe7-80bc-3650c76b4499.rna_seq.augmented_star_gene_counts.tsv	/Users/ask3r/Desktop/TEKNOFEST_ONCOLOGY/DENEME/rawdata/6394059f-8ec8-4fe7-80bc-3650c76b4499.rna_seq.augmented_star_gene_counts.tsv	1	1	3	3	1.0	Consensus derived from A/B/C co-association matrix (K=4)
250	71d11e4c-6fe8-47ba-91a5-6566158614fa.rna_seq.augmented_star_gene_counts.tsv	/Users/ask3r/Desktop/TEKNOFEST_ONCOLOGY/DENEME/rawdata/71d11e4c-6fe8-47ba-91a5-6566158614fa.rna_seq.augmented_star_gene_counts.tsv	0	0	0	0	1.0	Consensus derived from A/B/C co-association matrix (K=4)
251	ceb8abb5-067a-475c-99b2-128d66267b3f.rna_seq.augmented_star_gene_counts.tsv	/Users/ask3r/Desktop/TEKNOFEST_ONCOLOGY/DENEME/rawdata/ceb8abb5-067a-475c-99b2-128d66267b3f.rna_seq.augmented_star_gene_counts.tsv	4	3	1	2	1.0	Consensus derived from A/B/C co-association matrix (K=4)
252	31872322-b3b2-48fd-b86d-ad15525f6fec.rna_seq.augmented_star_gene_counts.tsv	/Users/ask3r/Desktop/TEKNOFEST_ONCOLOGY/DENEME/rawdata/31872322-b3b2-48fd-b86d-ad15525f6fec.rna_seq.augmented_star_gene_counts.tsv	3	2	2	1	1.0	Consensus derived from A/B/C co-association matrix (K=4)
253	5a469815-4a88-4a5e-8df5-1e71579577e7.rna_seq.augmented_star_gene_counts.tsv	/Users/ask3r/Desktop/TEKNOFEST_ONCOLOGY/DENEME/rawdata/5a469815-4a88-4a5e-8df5-1e71579577e7.rna_seq.augmented_star_gene_counts.tsv	2	2	2	1	1.0	Consensus derived from A/B/C co-association matrix (K=4)
254	f34feebc-700f-4cd2-b04d-fa2c8231c56e.rna_seq.augmented_star_gene_counts.tsv	/Users/ask3r/Desktop/TEKNOFEST_ONCOLOGY/DENEME/rawdata/f34feebc-700f-4cd2-b04d-fa2c8231c56e.rna_seq.augmented_star_gene_counts.tsv	0	0	2	0	1.0	Consensus derived from A/B/C co-association matrix (K=4)
255	5cafc8c0-a92c-407a-ad52-a2d9562c0bfa.rna_seq.augmented_star_gene_counts.tsv	/Users/ask3r/Desktop/TEKNOFEST_ONCOLOGY/DENEME/rawdata/5cafc8c0-a92c-407a-ad52-a2d9562c0bfa.rna_seq.augmented_star_gene_counts.tsv	1	1	3	3	1.0	Consensus derived from A/B/C co-association matrix (K=4)
256	c45fcca1-63ec-40f6-bd58-558a002f5b36.rna_seq.augmented_star_gene_counts.tsv	/Users/ask3r/Desktop/TEKNOFEST_ONCOLOGY/DENEME/rawdata/c45fcca1-63ec-40f6-bd58-558a002f5b36.rna_seq.augmented_star_gene_counts.tsv	4	3	1	2	1.0	Consensus derived from A/B/C co-association matrix (K=4)
257	d921ae97-0106-4326-a7d1-8802fd11acbf.rna_seq.augmented_star_gene_counts.tsv	/Users/ask3r/Desktop/TEKNOFEST_ONCOLOGY/DENEME/rawdata/d921ae97-0106-4326-a7d1-8802fd11acbf.rna_seq.augmented_star_gene_counts.tsv	2	0	0	0	1.0	Consensus derived from A/B/C co-association matrix (K=4)
258	c0b1e5a6-3308-43c6-9e76-feda9f67c1a0.rna_seq.augmented_star_gene_counts.tsv	/Users/ask3r/Desktop/TEKNOFEST_ONCOLOGY/DENEME/rawdata/c0b1e5a6-3308-43c6-9e76-feda9f67c1a0.rna_seq.augmented_star_gene_counts.tsv	4	3	1	2	1.0	Consensus derived from A/B/C co-association matrix (K=4)
259	1ceaa856-24da-428c-ae0a-c8c5ec039853.rna_seq.augmented_star_gene_counts.tsv	/Users/ask3r/Desktop/TEKNOFEST_ONCOLOGY/DENEME/rawdata/1ceaa856-24da-428c-ae0a-c8c5ec039853.rna_seq.augmented_star_gene_counts.tsv	0	0	0	0	1.0	Consensus derived from A/B/C co-association matrix (K=4)
260	511393a1-da49-4cf1-80d6-7f50a6c3043d.rna_seq.augmented_star_gene_counts.tsv	/Users/ask3r/Desktop/TEKNOFEST_ONCOLOGY/DENEME/rawdata/511393a1-da49-4cf1-80d6-7f50a6c3043d.rna_seq.augmented_star_gene_counts.tsv	4	3	1	2	1.0	Consensus derived from A/B/C co-association matrix (K=4)
261	139fe07b-05fb-4bc5-b6e2-179269e7ca51.rna_seq.augmented_star_gene_counts.tsv	/Users/ask3r/Desktop/TEKNOFEST_ONCOLOGY/DENEME/rawdata/139fe07b-05fb-4bc5-b6e2-179269e7ca51.rna_seq.augmented_star_gene_counts.tsv	1	1	3	3	1.0	Consensus derived from A/B/C co-association matrix (K=4)
262	f2d885c3-e234-4584-a071-98ccbb871553.rna_seq.augmented_star_gene_counts.tsv	/Users/ask3r/Desktop/TEKNOFEST_ONCOLOGY/DENEME/rawdata/f2d885c3-e234-4584-a071-98ccbb871553.rna_seq.augmented_star_gene_counts.tsv	1	1	3	3	1.0	Consensus derived from A/B/C co-association matrix (K=4)
263	24397ba5-84a8-46da-a55d-5764690dc17c.rna_seq.augmented_star_gene_counts.tsv	/Users/ask3r/Desktop/TEKNOFEST_ONCOLOGY/DENEME/rawdata/24397ba5-84a8-46da-a55d-5764690dc17c.rna_seq.augmented_star_gene_counts.tsv	1	1	3	3	1.0	Consensus derived from A/B/C co-association matrix (K=4)
264	ff14b89f-5e47-49f2-9499-8d5224f067dc.rna_seq.augmented_star_gene_counts.tsv	/Users/ask3r/Desktop/TEKNOFEST_ONCOLOGY/DENEME/rawdata/ff14b89f-5e47-49f2-9499-8d5224f067dc.rna_seq.augmented_star_gene_counts.tsv	1	3	3	3	1.0	Consensus derived from A/B/C co-association matrix (K=4)
265	c6b96227-30c4-41f4-9932-b184895a11a1.rna_seq.augmented_star_gene_counts.tsv	/Users/ask3r/Desktop/TEKNOFEST_ONCOLOGY/DENEME/rawdata/c6b96227-30c4-41f4-9932-b184895a11a1.rna_seq.augmented_star_gene_counts.tsv	3	2	2	1	1.0	Consensus derived from A/B/C co-association matrix (K=4)
266	4a91d152-b46f-4721-a868-7ed491f9af56.rna_seq.augmented_star_gene_counts.tsv	/Users/ask3r/Desktop/TEKNOFEST_ONCOLOGY/DENEME/rawdata/4a91d152-b46f-4721-a868-7ed491f9af56.rna_seq.augmented_star_gene_counts.tsv	1	1	3	3	1.0	Consensus derived from A/B/C co-association matrix (K=4)
267	08633296-acaa-4c6f-a2f1-29e58898a303.rna_seq.augmented_star_gene_counts.tsv	/Users/ask3r/Desktop/TEKNOFEST_ONCOLOGY/DENEME/rawdata/08633296-acaa-4c6f-a2f1-29e58898a303.rna_seq.augmented_star_gene_counts.tsv	3	2	2	1	1.0	Consensus derived from A/B/C co-association matrix (K=4)
268	09713ee2-9731-433f-8748-1b10b53d6a9a.rna_seq.augmented_star_gene_counts.tsv	/Users/ask3r/Desktop/TEKNOFEST_ONCOLOGY/DENEME/rawdata/09713ee2-9731-433f-8748-1b10b53d6a9a.rna_seq.augmented_star_gene_counts.tsv	3	2	2	1	1.0	Consensus derived from A/B/C co-association matrix (K=4)
269	a1de7a70-a829-4491-92ab-8db44391ba19.rna_seq.augmented_star_gene_counts.tsv	/Users/ask3r/Desktop/TEKNOFEST_ONCOLOGY/DENEME/rawdata/a1de7a70-a829-4491-92ab-8db44391ba19.rna_seq.augmented_star_gene_counts.tsv	2	2	2	1	1.0	Consensus derived from A/B/C co-association matrix (K=4)
270	39bc453b-67d2-4059-bbaf-fa98dc9d2595.rna_seq.augmented_star_gene_counts.tsv	/Users/ask3r/Desktop/TEKNOFEST_ONCOLOGY/DENEME/rawdata/39bc453b-67d2-4059-bbaf-fa98dc9d2595.rna_seq.augmented_star_gene_counts.tsv	3	2	2	1	1.0	Consensus derived from A/B/C co-association matrix (K=4)
271	d620997f-b99e-4e20-a20d-d5b67ba3ce4b.rna_seq.augmented_star_gene_counts.tsv	/Users/ask3r/Desktop/TEKNOFEST_ONCOLOGY/DENEME/rawdata/d620997f-b99e-4e20-a20d-d5b67ba3ce4b.rna_seq.augmented_star_gene_counts.tsv	4	3	1	2	1.0	Consensus derived from A/B/C co-association matrix (K=4)
272	1483c347-bb2c-4678-af16-163e4fc1791d.rna_seq.augmented_star_gene_counts.tsv	/Users/ask3r/Desktop/TEKNOFEST_ONCOLOGY/DENEME/rawdata/1483c347-bb2c-4678-af16-163e4fc1791d.rna_seq.augmented_star_gene_counts.tsv	1	1	3	3	1.0	Consensus derived from A/B/C co-association matrix (K=4)
273	f7a52a43-18a5-42bf-b016-6a988b5d5c46.rna_seq.augmented_star_gene_counts.tsv	/Users/ask3r/Desktop/TEKNOFEST_ONCOLOGY/DENEME/rawdata/f7a52a43-18a5-42bf-b016-6a988b5d5c46.rna_seq.augmented_star_gene_counts.tsv	2	2	2	1	1.0	Consensus derived from A/B/C co-association matrix (K=4)
274	32291119-ef4e-4041-9949-dc88dfce459a.rna_seq.augmented_star_gene_counts.tsv	/Users/ask3r/Desktop/TEKNOFEST_ONCOLOGY/DENEME/rawdata/32291119-ef4e-4041-9949-dc88dfce459a.rna_seq.augmented_star_gene_counts.tsv	4	3	3	2	1.0	Consensus derived from A/B/C co-association matrix (K=4)
275	2e33127c-779d-4f05-bbae-7893b9d27364.rna_seq.augmented_star_gene_counts.tsv	/Users/ask3r/Desktop/TEKNOFEST_ONCOLOGY/DENEME/rawdata/2e33127c-779d-4f05-bbae-7893b9d27364.rna_seq.augmented_star_gene_counts.tsv	1	3	1	2	1.0	Consensus derived from A/B/C co-association matrix (K=4)
276	25cdac9f-c440-46aa-9a4d-7298189f49b5.rna_seq.augmented_star_gene_counts.tsv	/Users/ask3r/Desktop/TEKNOFEST_ONCOLOGY/DENEME/rawdata/25cdac9f-c440-46aa-9a4d-7298189f49b5.rna_seq.augmented_star_gene_counts.tsv	2	2	2	1	1.0	Consensus derived from A/B/C co-association matrix (K=4)
277	1edd3f30-2fe9-47a5-8f79-c75b29ec0b3c.rna_seq.augmented_star_gene_counts.tsv	/Users/ask3r/Desktop/TEKNOFEST_ONCOLOGY/DENEME/rawdata/1edd3f30-2fe9-47a5-8f79-c75b29ec0b3c.rna_seq.augmented_star_gene_counts.tsv	0	0	0	0	1.0	Consensus derived from A/B/C co-association matrix (K=4)
278	5ef77dbc-2112-4ab3-a669-b0f9b175f01c.rna_seq.augmented_star_gene_counts.tsv	/Users/ask3r/Desktop/TEKNOFEST_ONCOLOGY/DENEME/rawdata/5ef77dbc-2112-4ab3-a669-b0f9b175f01c.rna_seq.augmented_star_gene_counts.tsv	1	1	3	3	1.0	Consensus derived from A/B/C co-association matrix (K=4)
279	45c55fc2-e9d6-4016-9350-95d2bba56dee.rna_seq.augmented_star_gene_counts.tsv	/Users/ask3r/Desktop/TEKNOFEST_ONCOLOGY/DENEME/rawdata/45c55fc2-e9d6-4016-9350-95d2bba56dee.rna_seq.augmented_star_gene_counts.tsv	4	3	1	2	1.0	Consensus derived from A/B/C co-association matrix (K=4)
280	f505fb40-a27a-4a6a-9a3d-1f11a4b834b3.rna_seq.augmented_star_gene_counts.tsv	/Users/ask3r/Desktop/TEKNOFEST_ONCOLOGY/DENEME/rawdata/f505fb40-a27a-4a6a-9a3d-1f11a4b834b3.rna_seq.augmented_star_gene_counts.tsv	1	1	3	3	1.0	Consensus derived from A/B/C co-association matrix (K=4)
281	73083339-9672-4072-aa87-0c94240f478a.rna_seq.augmented_star_gene_counts.tsv	/Users/ask3r/Desktop/TEKNOFEST_ONCOLOGY/DENEME/rawdata/73083339-9672-4072-aa87-0c94240f478a.rna_seq.augmented_star_gene_counts.tsv	3	0	2	1	1.0	Consensus derived from A/B/C co-association matrix (K=4)
282	c247006d-7749-4838-9bfb-1388e089450d.rna_seq.augmented_star_gene_counts.tsv	/Users/ask3r/Desktop/TEKNOFEST_ONCOLOGY/DENEME/rawdata/c247006d-7749-4838-9bfb-1388e089450d.rna_seq.augmented_star_gene_counts.tsv	2	1	2	1	1.0	Consensus derived from A/B/C co-association matrix (K=4)
283	fd18cdd5-f7da-45d6-aaa1-d811a4f0a4e1.rna_seq.augmented_star_gene_counts.tsv	/Users/ask3r/Desktop/TEKNOFEST_ONCOLOGY/DENEME/rawdata/fd18cdd5-f7da-45d6-aaa1-d811a4f0a4e1.rna_seq.augmented_star_gene_counts.tsv	1	2	2	1	1.0	Consensus derived from A/B/C co-association matrix (K=4)
284	6824df5a-832c-4a45-b654-05ba9ac03369.rna_seq.augmented_star_gene_counts.tsv	/Users/ask3r/Desktop/TEKNOFEST_ONCOLOGY/DENEME/rawdata/6824df5a-832c-4a45-b654-05ba9ac03369.rna_seq.augmented_star_gene_counts.tsv	1	1	3	3	1.0	Consensus derived from A/B/C co-association matrix (K=4)
285	ab2b399a-d267-49df-8327-4e9529b26a38.rna_seq.augmented_star_gene_counts.tsv	/Users/ask3r/Desktop/TEKNOFEST_ONCOLOGY/DENEME/rawdata/ab2b399a-d267-49df-8327-4e9529b26a38.rna_seq.augmented_star_gene_counts.tsv	2	2	2	1	1.0	Consensus derived from A/B/C co-association matrix (K=4)
286	5b1cc683-d363-4cb8-b9b2-050c3c541858.rna_seq.augmented_star_gene_counts.tsv	/Users/ask3r/Desktop/TEKNOFEST_ONCOLOGY/DENEME/rawdata/5b1cc683-d363-4cb8-b9b2-050c3c541858.rna_seq.augmented_star_gene_counts.tsv	4	3	1	2	1.0	Consensus derived from A/B/C co-association matrix (K=4)
287	4852a0bd-7339-45c7-abab-2b17b4792106.rna_seq.augmented_star_gene_counts.tsv	/Users/ask3r/Desktop/TEKNOFEST_ONCOLOGY/DENEME/rawdata/4852a0bd-7339-45c7-abab-2b17b4792106.rna_seq.augmented_star_gene_counts.tsv	3	2	2	1	1.0	Consensus derived from A/B/C co-association matrix (K=4)
288	13da7123-db39-4bab-9521-daef5d3030ae.rna_seq.augmented_star_gene_counts.tsv	/Users/ask3r/Desktop/TEKNOFEST_ONCOLOGY/DENEME/rawdata/13da7123-db39-4bab-9521-daef5d3030ae.rna_seq.augmented_star_gene_counts.tsv	1	1	3	3	1.0	Consensus derived from A/B/C co-association matrix (K=4)
289	d02fcfe5-6834-4c66-93d4-768783500ede.rna_seq.augmented_star_gene_counts.tsv	/Users/ask3r/Desktop/TEKNOFEST_ONCOLOGY/DENEME/rawdata/d02fcfe5-6834-4c66-93d4-768783500ede.rna_seq.augmented_star_gene_counts.tsv	0	0	0	0	1.0	Consensus derived from A/B/C co-association matrix (K=4)
290	0f89ce0f-1176-4c48-af82-4917ccc8f919.rna_seq.augmented_star_gene_counts.tsv	/Users/ask3r/Desktop/TEKNOFEST_ONCOLOGY/DENEME/rawdata/0f89ce0f-1176-4c48-af82-4917ccc8f919.rna_seq.augmented_star_gene_counts.tsv	1	1	3	3	1.0	Consensus derived from A/B/C co-association matrix (K=4)
291	e0497b17-99ef-4d0b-afc9-9fcd5769baaa.rna_seq.augmented_star_gene_counts.tsv	/Users/ask3r/Desktop/TEKNOFEST_ONCOLOGY/DENEME/rawdata/e0497b17-99ef-4d0b-afc9-9fcd5769baaa.rna_seq.augmented_star_gene_counts.tsv	4	3	1	2	1.0	Consensus derived from A/B/C co-association matrix (K=4)
292	0de2c4aa-0a01-49af-bc43-027f6321eb15.rna_seq.augmented_star_gene_counts.tsv	/Users/ask3r/Desktop/TEKNOFEST_ONCOLOGY/DENEME/rawdata/0de2c4aa-0a01-49af-bc43-027f6321eb15.rna_seq.augmented_star_gene_counts.tsv	3	0	2	1	1.0	Consensus derived from A/B/C co-association matrix (K=4)
293	5b48d67b-b6c5-41aa-a8f2-9a73c45ede88.rna_seq.augmented_star_gene_counts.tsv	/Users/ask3r/Desktop/TEKNOFEST_ONCOLOGY/DENEME/rawdata/5b48d67b-b6c5-41aa-a8f2-9a73c45ede88.rna_seq.augmented_star_gene_counts.tsv	3	2	2	1	1.0	Consensus derived from A/B/C co-association matrix (K=4)
294	da7d327b-1022-4ffc-9ed8-8b4413209ce4.rna_seq.augmented_star_gene_counts.tsv	/Users/ask3r/Desktop/TEKNOFEST_ONCOLOGY/DENEME/rawdata/da7d327b-1022-4ffc-9ed8-8b4413209ce4.rna_seq.augmented_star_gene_counts.tsv	0	2	2	1	1.0	Consensus derived from A/B/C co-association matrix (K=4)
295	b5402a87-05a5-421f-be4c-469c34e4bb81.rna_seq.augmented_star_gene_counts.tsv	/Users/ask3r/Desktop/TEKNOFEST_ONCOLOGY/DENEME/rawdata/b5402a87-05a5-421f-be4c-469c34e4bb81.rna_seq.augmented_star_gene_counts.tsv	1	1	3	3	1.0	Consensus derived from A/B/C co-association matrix (K=4)
296	4d3bdf9e-0c8b-4f1a-afdf-8a1c36114653.rna_seq.augmented_star_gene_counts.tsv	/Users/ask3r/Desktop/TEKNOFEST_ONCOLOGY/DENEME/rawdata/4d3bdf9e-0c8b-4f1a-afdf-8a1c36114653.rna_seq.augmented_star_gene_counts.tsv	0	0	0	0	1.0	Consensus derived from A/B/C co-association matrix (K=4)
297	210daf0d-280e-4c43-a48b-65e5c2a92a77.rna_seq.augmented_star_gene_counts.tsv	/Users/ask3r/Desktop/TEKNOFEST_ONCOLOGY/DENEME/rawdata/210daf0d-280e-4c43-a48b-65e5c2a92a77.rna_seq.augmented_star_gene_counts.tsv	4	1	3	3	1.0	Consensus derived from A/B/C co-association matrix (K=4)
298	0a80d60d-df15-4474-92f9-97f5be07e180.rna_seq.augmented_star_gene_counts.tsv	/Users/ask3r/Desktop/TEKNOFEST_ONCOLOGY/DENEME/rawdata/0a80d60d-df15-4474-92f9-97f5be07e180.rna_seq.augmented_star_gene_counts.tsv	1	1	3	3	1.0	Consensus derived from A/B/C co-association matrix (K=4)
299	829e7c71-bbc4-463e-bff7-70bec0074e51.rna_seq.augmented_star_gene_counts.tsv	/Users/ask3r/Desktop/TEKNOFEST_ONCOLOGY/DENEME/rawdata/829e7c71-bbc4-463e-bff7-70bec0074e51.rna_seq.augmented_star_gene_counts.tsv	3	0	2	1	1.0	Consensus derived from A/B/C co-association matrix (K=4)
300	64d208b9-6a15-4077-885f-30d9cdedf147.rna_seq.augmented_star_gene_counts.tsv	/Users/ask3r/Desktop/TEKNOFEST_ONCOLOGY/DENEME/rawdata/64d208b9-6a15-4077-885f-30d9cdedf147.rna_seq.augmented_star_gene_counts.tsv	1	1	3	3	1.0	Consensus derived from A/B/C co-association matrix (K=4)
301	e749773c-7cd6-45d4-ae43-68b03f9b2a25.rna_seq.augmented_star_gene_counts.tsv	/Users/ask3r/Desktop/TEKNOFEST_ONCOLOGY/DENEME/rawdata/e749773c-7cd6-45d4-ae43-68b03f9b2a25.rna_seq.augmented_star_gene_counts.tsv	2	2	2	1	1.0	Consensus derived from A/B/C co-association matrix (K=4)
302	338baec6-c9fe-4691-9c2a-bc96799f8dee.rna_seq.augmented_star_gene_counts.tsv	/Users/ask3r/Desktop/TEKNOFEST_ONCOLOGY/DENEME/rawdata/338baec6-c9fe-4691-9c2a-bc96799f8dee.rna_seq.augmented_star_gene_counts.tsv	1	3	3	3	1.0	Consensus derived from A/B/C co-association matrix (K=4)
303	05d2774d-cb3e-4485-9825-c04d4ca44bb6.rna_seq.augmented_star_gene_counts.tsv	/Users/ask3r/Desktop/TEKNOFEST_ONCOLOGY/DENEME/rawdata/05d2774d-cb3e-4485-9825-c04d4ca44bb6.rna_seq.augmented_star_gene_counts.tsv	2	2	2	1	1.0	Consensus derived from A/B/C co-association matrix (K=4)
304	9cee9b1d-e8ee-4f8e-be85-c96dac6138b3.rna_seq.augmented_star_gene_counts.tsv	/Users/ask3r/Desktop/TEKNOFEST_ONCOLOGY/DENEME/rawdata/9cee9b1d-e8ee-4f8e-be85-c96dac6138b3.rna_seq.augmented_star_gene_counts.tsv	3	0	2	1	1.0	Consensus derived from A/B/C co-association matrix (K=4)
305	1076483a-e462-47e5-a47a-ca9544548dff.rna_seq.augmented_star_gene_counts.tsv	/Users/ask3r/Desktop/TEKNOFEST_ONCOLOGY/DENEME/rawdata/1076483a-e462-47e5-a47a-ca9544548dff.rna_seq.augmented_star_gene_counts.tsv	4	3	1	2	1.0	Consensus derived from A/B/C co-association matrix (K=4)
306	251de1f4-0bc3-4b44-af08-1abc9c720f67.rna_seq.augmented_star_gene_counts.tsv	/Users/ask3r/Desktop/TEKNOFEST_ONCOLOGY/DENEME/rawdata/251de1f4-0bc3-4b44-af08-1abc9c720f67.rna_seq.augmented_star_gene_counts.tsv	4	3	3	2	1.0	Consensus derived from A/B/C co-association matrix (K=4)
307	5862a2c8-9700-4bfd-8247-176efebc3efb.rna_seq.augmented_star_gene_counts.tsv	/Users/ask3r/Desktop/TEKNOFEST_ONCOLOGY/DENEME/rawdata/5862a2c8-9700-4bfd-8247-176efebc3efb.rna_seq.augmented_star_gene_counts.tsv	1	1	3	3	1.0	Consensus derived from A/B/C co-association matrix (K=4)
308	d9ce8aca-09dc-4140-a530-e6412c0ad927.rna_seq.augmented_star_gene_counts.tsv	/Users/ask3r/Desktop/TEKNOFEST_ONCOLOGY/DENEME/rawdata/d9ce8aca-09dc-4140-a530-e6412c0ad927.rna_seq.augmented_star_gene_counts.tsv	3	2	2	1	1.0	Consensus derived from A/B/C co-association matrix (K=4)
309	45ab4192-f1bb-46cd-8e85-c2341d67642f.rna_seq.augmented_star_gene_counts.tsv	/Users/ask3r/Desktop/TEKNOFEST_ONCOLOGY/DENEME/rawdata/45ab4192-f1bb-46cd-8e85-c2341d67642f.rna_seq.augmented_star_gene_counts.tsv	1	1	3	3	1.0	Consensus derived from A/B/C co-association matrix (K=4)
310	8480f10c-26ec-42d1-8754-ff8cb744978e.rna_seq.augmented_star_gene_counts.tsv	/Users/ask3r/Desktop/TEKNOFEST_ONCOLOGY/DENEME/rawdata/8480f10c-26ec-42d1-8754-ff8cb744978e.rna_seq.augmented_star_gene_counts.tsv	3	2	2	1	1.0	Consensus derived from A/B/C co-association matrix (K=4)
311	d98b999b-c625-4970-9b6a-533e7a4b7a0f.rna_seq.augmented_star_gene_counts.tsv	/Users/ask3r/Desktop/TEKNOFEST_ONCOLOGY/DENEME/rawdata/d98b999b-c625-4970-9b6a-533e7a4b7a0f.rna_seq.augmented_star_gene_counts.tsv	2	2	2	1	1.0	Consensus derived from A/B/C co-association matrix (K=4)
312	c2bc46d6-7065-44ff-a21a-7a3676990fdb.rna_seq.augmented_star_gene_counts.tsv	/Users/ask3r/Desktop/TEKNOFEST_ONCOLOGY/DENEME/rawdata/c2bc46d6-7065-44ff-a21a-7a3676990fdb.rna_seq.augmented_star_gene_counts.tsv	1	1	3	3	1.0	Consensus derived from A/B/C co-association matrix (K=4)
313	def5d534-0efd-450c-bde0-f69abbe48f7c.rna_seq.augmented_star_gene_counts.tsv	/Users/ask3r/Desktop/TEKNOFEST_ONCOLOGY/DENEME/rawdata/def5d534-0efd-450c-bde0-f69abbe48f7c.rna_seq.augmented_star_gene_counts.tsv	1	1	3	3	1.0	Consensus derived from A/B/C co-association matrix (K=4)
314	84ec66a6-0ea7-4a37-ad5f-f41f5cad1ecc.rna_seq.augmented_star_gene_counts.tsv	/Users/ask3r/Desktop/TEKNOFEST_ONCOLOGY/DENEME/rawdata/84ec66a6-0ea7-4a37-ad5f-f41f5cad1ecc.rna_seq.augmented_star_gene_counts.tsv	0	0	0	0	1.0	Consensus derived from A/B/C co-association matrix (K=4)
315	c7648754-3563-4d93-8107-d64def41fd4b.rna_seq.augmented_star_gene_counts.tsv	/Users/ask3r/Desktop/TEKNOFEST_ONCOLOGY/DENEME/rawdata/c7648754-3563-4d93-8107-d64def41fd4b.rna_seq.augmented_star_gene_counts.tsv	0	0	0	0	1.0	Consensus derived from A/B/C co-association matrix (K=4)
316	671d7eb7-92fc-4318-be85-e48f7d868225.rna_seq.augmented_star_gene_counts.tsv	/Users/ask3r/Desktop/TEKNOFEST_ONCOLOGY/DENEME/rawdata/671d7eb7-92fc-4318-be85-e48f7d868225.rna_seq.augmented_star_gene_counts.tsv	3	0	2	1	1.0	Consensus derived from A/B/C co-association matrix (K=4)
317	a0910cd1-f12f-4215-bd3a-db593c810dc2.rna_seq.augmented_star_gene_counts.tsv	/Users/ask3r/Desktop/TEKNOFEST_ONCOLOGY/DENEME/rawdata/a0910cd1-f12f-4215-bd3a-db593c810dc2.rna_seq.augmented_star_gene_counts.tsv	0	0	0	0	1.0	Consensus derived from A/B/C co-association matrix (K=4)
318	f8e0df1c-94bc-4e0f-b45e-51aa187c04d8.rna_seq.augmented_star_gene_counts.tsv	/Users/ask3r/Desktop/TEKNOFEST_ONCOLOGY/DENEME/rawdata/f8e0df1c-94bc-4e0f-b45e-51aa187c04d8.rna_seq.augmented_star_gene_counts.tsv	3	2	2	1	1.0	Consensus derived from A/B/C co-association matrix (K=4)
319	0d3fac43-2d9d-4904-9650-40fd7af2942b.rna_seq.augmented_star_gene_counts.tsv	/Users/ask3r/Desktop/TEKNOFEST_ONCOLOGY/DENEME/rawdata/0d3fac43-2d9d-4904-9650-40fd7af2942b.rna_seq.augmented_star_gene_counts.tsv	4	3	1	2	1.0	Consensus derived from A/B/C co-association matrix (K=4)
320	9c71c75f-8b3c-487e-beb8-d372875b2b2d.rna_seq.augmented_star_gene_counts.tsv	/Users/ask3r/Desktop/TEKNOFEST_ONCOLOGY/DENEME/rawdata/9c71c75f-8b3c-487e-beb8-d372875b2b2d.rna_seq.augmented_star_gene_counts.tsv	0	0	0	0	1.0	Consensus derived from A/B/C co-association matrix (K=4)
321	c6080974-048f-45f4-97bf-9e4fdcaf09ee.rna_seq.augmented_star_gene_counts.tsv	/Users/ask3r/Desktop/TEKNOFEST_ONCOLOGY/DENEME/rawdata/c6080974-048f-45f4-97bf-9e4fdcaf09ee.rna_seq.augmented_star_gene_counts.tsv	3	0	2	1	1.0	Consensus derived from A/B/C co-association matrix (K=4)
322	fd950816-2bc3-4e25-90b4-6a6a049cd809.rna_seq.augmented_star_gene_counts.tsv	/Users/ask3r/Desktop/TEKNOFEST_ONCOLOGY/DENEME/rawdata/fd950816-2bc3-4e25-90b4-6a6a049cd809.rna_seq.augmented_star_gene_counts.tsv	4	3	1	2	1.0	Consensus derived from A/B/C co-association matrix (K=4)
323	55205481-335e-44c1-885a-fa5a33bd7edf.rna_seq.augmented_star_gene_counts.tsv	/Users/ask3r/Desktop/TEKNOFEST_ONCOLOGY/DENEME/rawdata/55205481-335e-44c1-885a-fa5a33bd7edf.rna_seq.augmented_star_gene_counts.tsv	2	2	0	1	1.0	Consensus derived from A/B/C co-association matrix (K=4)
324	d2b6a1a6-ed16-4374-8b28-912237ed87c2.rna_seq.augmented_star_gene_counts.tsv	/Users/ask3r/Desktop/TEKNOFEST_ONCOLOGY/DENEME/rawdata/d2b6a1a6-ed16-4374-8b28-912237ed87c2.rna_seq.augmented_star_gene_counts.tsv	0	0	0	0	1.0	Consensus derived from A/B/C co-association matrix (K=4)
325	dad61e18-e3f1-4beb-b3c3-ae434e35af2d.rna_seq.augmented_star_gene_counts.tsv	/Users/ask3r/Desktop/TEKNOFEST_ONCOLOGY/DENEME/rawdata/dad61e18-e3f1-4beb-b3c3-ae434e35af2d.rna_seq.augmented_star_gene_counts.tsv	1	1	3	3	1.0	Consensus derived from A/B/C co-association matrix (K=4)
326	2c3f2491-4d3b-41da-9866-94644fc8d102.rna_seq.augmented_star_gene_counts.tsv	/Users/ask3r/Desktop/TEKNOFEST_ONCOLOGY/DENEME/rawdata/2c3f2491-4d3b-41da-9866-94644fc8d102.rna_seq.augmented_star_gene_counts.tsv	0	0	0	0	1.0	Consensus derived from A/B/C co-association matrix (K=4)
327	917fa61d-4556-42a0-bc3a-449ef1b29886.rna_seq.augmented_star_gene_counts.tsv	/Users/ask3r/Desktop/TEKNOFEST_ONCOLOGY/DENEME/rawdata/917fa61d-4556-42a0-bc3a-449ef1b29886.rna_seq.augmented_star_gene_counts.tsv	2	0	0	0	1.0	Consensus derived from A/B/C co-association matrix (K=4)
